1471404352743,356,CNG_TP159_A_Launch_Browser,200,"Number of samples in transaction : 1, number of failing samples : 0",CNG_TP159_Financials_ClaimCard_v1 1-1,,true,13089,1,1,0
1471404353483,327,CNG_TP159_A_Launch_Browser,200,"Number of samples in transaction : 1, number of failing samples : 0",CNG_TP159_Financials_ClaimCard_v1 1-2,,true,13089,2,2,0
1471404353135,3195,CNG_TP159_B_Login,200,"Number of samples in transaction : 1, number of failing samples : 0",CNG_TP159_Financials_ClaimCard_v1 1-1,,true,2300054,2,2,0
1471404356406,430,CNG_TP159_C_Go_To_Claim_Summary,200,"Number of samples in transaction : 1, number of failing samples : 0",CNG_TP159_Financials_ClaimCard_v1 1-1,,true,31300,2,2,0
1471404353834,3141,CNG_TP159_B_Login,200,"Number of samples in transaction : 1, number of failing samples : 0",CNG_TP159_Financials_ClaimCard_v1 1-2,,true,2266945,2,2,0
1471404357016,217,CNG_TP159_C_Go_To_Claim_Summary,200,"Number of samples in transaction : 1, number of failing samples : 0",CNG_TP159_Financials_ClaimCard_v1 1-2,,true,32243,2,2,0
1471404356861,451,CNG_TP159_D_Actions_Claim_Card,200,"Number of samples in transaction : 2, number of failing samples : 0",CNG_TP159_Financials_ClaimCard_v1 1-1,,true,31536,2,2,0
1471404357252,3946,CNG_TP159_D_Actions_Claim_Card,200,"Number of samples in transaction : 2, number of failing samples : 0",CNG_TP159_Financials_ClaimCard_v1 1-2,,true,30927,2,2,0
1471404357355,4084,CNG_TP159_E_Select_Reserve_Line,200,"Number of samples in transaction : 1, number of failing samples : 0",CNG_TP159_Financials_ClaimCard_v1 1-1,,true,21363,2,2,0
1471404361238,318,CNG_TP159_E_Select_Reserve_Line,200,"Number of samples in transaction : 1, number of failing samples : 0",CNG_TP159_Financials_ClaimCard_v1 1-2,,true,18813,2,2,0
1471404361586,246,CNG_TP159_G_Enter_Payment_Amount,200,"Number of samples in transaction : 1, number of failing samples : 0",CNG_TP159_Financials_ClaimCard_v1 1-2,,true,5649,2,2,0
1471404361466,485,CNG_TP159_G_Enter_Payment_Amount,200,"Number of samples in transaction : 1, number of failing samples : 0",CNG_TP159_Financials_ClaimCard_v1 1-1,,true,6294,2,2,0
1471404361848,266,CNG_TP159_H_Next_To_Payee_Info,200,"Number of samples in transaction : 1, number of failing samples : 0",CNG_TP159_Financials_ClaimCard_v1 1-2,,true,9925,2,2,0
1471404361965,277,CNG_TP159_H_Next_To_Payee_Info,200,"Number of samples in transaction : 1, number of failing samples : 0",CNG_TP159_Financials_ClaimCard_v1 1-1,,true,10183,2,2,0
1471404362148,286,CNG_TP159_I_Select_Payee_Type,200,"Number of samples in transaction : 1, number of failing samples : 0",CNG_TP159_Financials_ClaimCard_v1 1-2,,true,18609,2,2,0
1471404362277,297,CNG_TP159_I_Select_Payee_Type,200,"Number of samples in transaction : 1, number of failing samples : 0",CNG_TP159_Financials_ClaimCard_v1 1-1,,true,18846,2,2,0
1471404362459,298,CNG_TP159_J_Select_Link_To_New_Card,200,"Number of samples in transaction : 1, number of failing samples : 0",CNG_TP159_Financials_ClaimCard_v1 1-2,,true,17980,2,2,0
1471404362599,259,CNG_TP159_J_Select_Link_To_New_Card,200,"Number of samples in transaction : 1, number of failing samples : 0",CNG_TP159_Financials_ClaimCard_v1 1-1,,true,18227,2,2,0
1471404362773,8012,CNG_TP159_K_Next_To_Claims_Card_Instructions,200,"Number of samples in transaction : 1, number of failing samples : 0",CNG_TP159_Financials_ClaimCard_v1 1-2,,true,26582,2,2,0
1471404362875,8027,CNG_TP159_K_Next_To_Claims_Card_Instructions,200,"Number of samples in transaction : 1, number of failing samples : 0",CNG_TP159_Financials_ClaimCard_v1 1-1,,true,27038,2,2,0
1471404370800,3737,CNG_TP159_M_Click_Finish,200,"Number of samples in transaction : 1, number of failing samples : 0",CNG_TP159_Financials_ClaimCard_v1 1-2,,true,8294,2,2,0
1471404374559,2353,CNG_TP159_P_View_Payment,200,"Number of samples in transaction : 1, number of failing samples : 0",CNG_TP159_Financials_ClaimCard_v1 1-2,,true,28012,2,2,0
1471404376937,2487,CNG_TP159_Q_Return_To_Claim_Summary,200,"Number of samples in transaction : 1, number of failing samples : 0",CNG_TP159_Financials_ClaimCard_v1 1-2,,true,33752,2,2,0
1471404379454,148,CNG_TP159_R_Return_To_Desktop,200,"Number of samples in transaction : 1, number of failing samples : 0",CNG_TP159_Financials_ClaimCard_v1 1-2,,true,13692,2,2,0
1471404379616,221,CNG_TP159_S_Logout,200,"Number of samples in transaction : 2, number of failing samples : 0",CNG_TP159_Financials_ClaimCard_v1 1-2,,true,1997,2,2,0
1471404370924,11420,CNG_TP159_M_Click_Finish,200,"Number of samples in transaction : 1, number of failing samples : 0",CNG_TP159_Financials_ClaimCard_v1 1-1,,true,8591,1,1,0
1471404382377,2985,CNG_TP159_P_View_Payment,200,"Number of samples in transaction : 1, number of failing samples : 0",CNG_TP159_Financials_ClaimCard_v1 1-1,,true,28648,1,1,0
1471404385383,1369,CNG_TP159_Q_Return_To_Claim_Summary,200,"Number of samples in transaction : 1, number of failing samples : 0",CNG_TP159_Financials_ClaimCard_v1 1-1,,true,34053,1,1,0
1471404386780,3567,CNG_TP159_R_Return_To_Desktop,200,"Number of samples in transaction : 1, number of failing samples : 0",CNG_TP159_Financials_ClaimCard_v1 1-1,,true,46790,1,1,0
1471404390371,213,CNG_TP159_S_Logout,200,"Number of samples in transaction : 2, number of failing samples : 0",CNG_TP159_Financials_ClaimCard_v1 1-1,,true,1997,1,1,0
1471404485637,338,CNG_TP159_A_Launch_Browser,200,"Number of samples in transaction : 1, number of failing samples : 0",CNG_TP159_Financials_ClaimCard_v1 1-1,,true,13089,1,1,0
1471404486402,341,CNG_TP159_A_Launch_Browser,200,"Number of samples in transaction : 1, number of failing samples : 0",CNG_TP159_Financials_ClaimCard_v1 1-2,,true,13089,2,2,0
1471404486011,2104,CNG_TP159_B_Login,200,"Number of samples in transaction : 1, number of failing samples : 0",CNG_TP159_Financials_ClaimCard_v1 1-1,,true,2300060,2,2,0
1471404488169,211,CNG_TP159_C_Go_To_Claim_Summary,200,"Number of samples in transaction : 1, number of failing samples : 0",CNG_TP159_Financials_ClaimCard_v1 1-1,,true,31301,2,2,0
1471404488423,433,CNG_TP159_D_Actions_Claim_Card,200,"Number of samples in transaction : 2, number of failing samples : 0",CNG_TP159_Financials_ClaimCard_v1 1-1,,true,31537,2,2,0
1471404488898,230,CNG_TP159_E_Select_Reserve_Line,200,"Number of samples in transaction : 1, number of failing samples : 0",CNG_TP159_Financials_ClaimCard_v1 1-1,,true,21364,2,2,0
1471404486766,2443,CNG_TP159_B_Login,200,"Number of samples in transaction : 1, number of failing samples : 0",CNG_TP159_Financials_ClaimCard_v1 1-2,,true,2266945,2,2,0
1471404489164,265,CNG_TP159_G_Enter_Payment_Amount,200,"Number of samples in transaction : 1, number of failing samples : 0",CNG_TP159_Financials_ClaimCard_v1 1-1,,true,6294,2,2,0
1471404489235,208,CNG_TP159_C_Go_To_Claim_Summary,200,"Number of samples in transaction : 1, number of failing samples : 0",CNG_TP159_Financials_ClaimCard_v1 1-2,,true,32243,2,2,0
1471404489458,232,CNG_TP159_H_Next_To_Payee_Info,200,"Number of samples in transaction : 1, number of failing samples : 0",CNG_TP159_Financials_ClaimCard_v1 1-1,,true,10184,2,2,0
1471404489463,3666,CNG_TP159_D_Actions_Claim_Card,200,"Number of samples in transaction : 2, number of failing samples : 0",CNG_TP159_Financials_ClaimCard_v1 1-2,,true,30927,2,2,0
1471404489713,3840,CNG_TP159_I_Select_Payee_Type,200,"Number of samples in transaction : 1, number of failing samples : 0",CNG_TP159_Financials_ClaimCard_v1 1-1,,true,18847,2,2,0
1471404493159,573,CNG_TP159_E_Select_Reserve_Line,200,"Number of samples in transaction : 1, number of failing samples : 0",CNG_TP159_Financials_ClaimCard_v1 1-2,,true,18813,2,2,0
1471404493572,297,CNG_TP159_J_Select_Link_To_New_Card,200,"Number of samples in transaction : 1, number of failing samples : 0",CNG_TP159_Financials_ClaimCard_v1 1-1,,true,18228,2,2,0
1471404493763,2140,CNG_TP159_G_Enter_Payment_Amount,200,"Number of samples in transaction : 1, number of failing samples : 0",CNG_TP159_Financials_ClaimCard_v1 1-2,,true,5649,2,2,0
1471404495930,264,CNG_TP159_H_Next_To_Payee_Info,200,"Number of samples in transaction : 1, number of failing samples : 0",CNG_TP159_Financials_ClaimCard_v1 1-2,,true,9925,2,2,0
1471404496218,260,CNG_TP159_I_Select_Payee_Type,200,"Number of samples in transaction : 1, number of failing samples : 0",CNG_TP159_Financials_ClaimCard_v1 1-2,,true,18609,2,2,0
1471404493885,2619,CNG_TP159_K_Next_To_Claims_Card_Instructions,200,"Number of samples in transaction : 1, number of failing samples : 0",CNG_TP159_Financials_ClaimCard_v1 1-1,,true,27692,2,2,0
1471404496506,1100,CNG_TP159_J_Select_Link_To_New_Card,200,"Number of samples in transaction : 1, number of failing samples : 0",CNG_TP159_Financials_ClaimCard_v1 1-2,,true,17980,2,2,0
1471404497618,2052,CNG_TP159_K_Next_To_Claims_Card_Instructions,200,"Number of samples in transaction : 1, number of failing samples : 0",CNG_TP159_Financials_ClaimCard_v1 1-2,,true,27234,2,2,0
1471404496520,3264,CNG_TP159_M_Click_Finish,200,"Number of samples in transaction : 1, number of failing samples : 0",CNG_TP159_Financials_ClaimCard_v1 1-1,,true,8592,2,2,0
1471404499689,3450,CNG_TP159_M_Click_Finish,200,"Number of samples in transaction : 1, number of failing samples : 0",CNG_TP159_Financials_ClaimCard_v1 1-2,,true,8294,2,2,0
1471404499811,3416,CNG_TP159_P_View_Payment,200,"Number of samples in transaction : 1, number of failing samples : 0",CNG_TP159_Financials_ClaimCard_v1 1-1,,true,28649,2,2,0
1471404503167,397,CNG_TP159_P_View_Payment,200,"Number of samples in transaction : 1, number of failing samples : 0",CNG_TP159_Financials_ClaimCard_v1 1-2,,true,28012,2,2,0
1471404503250,319,CNG_TP159_Q_Return_To_Claim_Summary,200,"Number of samples in transaction : 1, number of failing samples : 0",CNG_TP159_Financials_ClaimCard_v1 1-1,,true,32809,2,2,0
1471404503580,245,CNG_TP159_Q_Return_To_Claim_Summary,200,"Number of samples in transaction : 1, number of failing samples : 0",CNG_TP159_Financials_ClaimCard_v1 1-2,,true,33752,2,2,0
1471404503833,137,CNG_TP159_R_Return_To_Desktop,200,"Number of samples in transaction : 1, number of failing samples : 0",CNG_TP159_Financials_ClaimCard_v1 1-2,,true,13692,2,2,0
1471404503584,407,CNG_TP159_R_Return_To_Desktop,200,"Number of samples in transaction : 1, number of failing samples : 0",CNG_TP159_Financials_ClaimCard_v1 1-1,,true,46791,2,2,0
1471404503977,213,CNG_TP159_S_Logout,200,"Number of samples in transaction : 2, number of failing samples : 0",CNG_TP159_Financials_ClaimCard_v1 1-2,,true,1997,2,2,0
1471404504013,245,CNG_TP159_S_Logout,200,"Number of samples in transaction : 2, number of failing samples : 0",CNG_TP159_Financials_ClaimCard_v1 1-1,,true,1997,1,1,0
1471404562021,312,CNG_TP159_A_Launch_Browser,200,"Number of samples in transaction : 1, number of failing samples : 0",CNG_TP159_Financials_ClaimCard_v1 1-1,,true,13089,1,1,0
1471404562423,290,CNG_TP159_A_Launch_Browser,200,"Number of samples in transaction : 1, number of failing samples : 0",CNG_TP159_Financials_ClaimCard_v1 1-2,,true,13089,2,2,0
1471404562758,310,CNG_TP159_A_Launch_Browser,200,"Number of samples in transaction : 1, number of failing samples : 0",CNG_TP159_Financials_ClaimCard_v1 1-3,,true,13089,3,3,0
1471404563113,664,CNG_TP159_A_Launch_Browser,200,"Number of samples in transaction : 1, number of failing samples : 0",CNG_TP159_Financials_ClaimCard_v1 1-4,,true,13089,5,5,0
1471404563488,339,CNG_TP159_A_Launch_Browser,200,"Number of samples in transaction : 1, number of failing samples : 0",CNG_TP159_Financials_ClaimCard_v1 1-5,,true,13089,6,6,0
1471404563831,332,CNG_TP159_A_Launch_Browser,200,"Number of samples in transaction : 1, number of failing samples : 0",CNG_TP159_Financials_ClaimCard_v1 1-6,,true,13089,6,6,0
1471404564225,371,CNG_TP159_A_Launch_Browser,200,"Number of samples in transaction : 1, number of failing samples : 0",CNG_TP159_Financials_ClaimCard_v1 1-7,,true,13089,7,7,0
1471404564664,325,CNG_TP159_A_Launch_Browser,200,"Number of samples in transaction : 1, number of failing samples : 0",CNG_TP159_Financials_ClaimCard_v1 1-8,,true,13089,8,8,0
1471404565087,327,CNG_TP159_A_Launch_Browser,200,"Number of samples in transaction : 1, number of failing samples : 0",CNG_TP159_Financials_ClaimCard_v1 1-9,,true,13089,9,9,0
1471404565496,304,CNG_TP159_A_Launch_Browser,200,"Number of samples in transaction : 1, number of failing samples : 0",CNG_TP159_Financials_ClaimCard_v1 1-10,,true,13089,10,10,0
1471404562757,3961,CNG_TP159_B_Login,200,"Number of samples in transaction : 1, number of failing samples : 0",CNG_TP159_Financials_ClaimCard_v1 1-2,,true,2266945,10,10,0
1471404563091,3636,CNG_TP159_B_Login,200,"Number of samples in transaction : 1, number of failing samples : 0",CNG_TP159_Financials_ClaimCard_v1 1-3,,true,2266934,10,10,0
1471404566753,378,CNG_TP159_C_Go_To_Claim_Summary,200,"Number of samples in transaction : 1, number of failing samples : 0",CNG_TP159_Financials_ClaimCard_v1 1-2,,true,32243,10,10,0
1471404566787,391,CNG_TP159_C_Go_To_Claim_Summary,200,"Number of samples in transaction : 1, number of failing samples : 0",CNG_TP159_Financials_ClaimCard_v1 1-3,,true,33258,10,10,0
1471404564185,3262,CNG_TP159_B_Login,200,"Number of samples in transaction : 1, number of failing samples : 0",CNG_TP159_Financials_ClaimCard_v1 1-6,,true,2266933,10,10,0
1471404567140,437,CNG_TP159_D_Actions_Claim_Card,200,"Number of samples in transaction : 2, number of failing samples : 0",CNG_TP159_Financials_ClaimCard_v1 1-2,,true,30927,10,10,0
1471404567187,491,CNG_TP159_D_Actions_Claim_Card,200,"Number of samples in transaction : 2, number of failing samples : 0",CNG_TP159_Financials_ClaimCard_v1 1-3,,true,30756,10,10,0
1471404567601,269,CNG_TP159_E_Select_Reserve_Line,200,"Number of samples in transaction : 1, number of failing samples : 0",CNG_TP159_Financials_ClaimCard_v1 1-2,,true,18813,10,10,0
1471404567698,279,CNG_TP159_E_Select_Reserve_Line,200,"Number of samples in transaction : 1, number of failing samples : 0",CNG_TP159_Financials_ClaimCard_v1 1-3,,true,21076,10,10,0
1471404567468,781,CNG_TP159_C_Go_To_Claim_Summary,200,"Number of samples in transaction : 1, number of failing samples : 0",CNG_TP159_Financials_ClaimCard_v1 1-6,,true,45309,10,10,0
1471404568010,282,CNG_TP159_G_Enter_Payment_Amount,200,"Number of samples in transaction : 1, number of failing samples : 0",CNG_TP159_Financials_ClaimCard_v1 1-3,,true,6588,10,10,0
1471404567924,454,CNG_TP159_G_Enter_Payment_Amount,200,"Number of samples in transaction : 1, number of failing samples : 0",CNG_TP159_Financials_ClaimCard_v1 1-2,,true,5649,10,10,0
1471404568313,260,CNG_TP159_H_Next_To_Payee_Info,200,"Number of samples in transaction : 1, number of failing samples : 0",CNG_TP159_Financials_ClaimCard_v1 1-3,,true,9899,10,10,0
1471404568592,264,CNG_TP159_I_Select_Payee_Type,200,"Number of samples in transaction : 1, number of failing samples : 0",CNG_TP159_Financials_ClaimCard_v1 1-3,,true,18545,10,10,0
1471404568261,758,CNG_TP159_D_Actions_Claim_Card,200,"Number of samples in transaction : 2, number of failing samples : 0",CNG_TP159_Financials_ClaimCard_v1 1-6,,true,34860,10,10,0
1471404568886,249,CNG_TP159_J_Select_Link_To_New_Card,200,"Number of samples in transaction : 1, number of failing samples : 0",CNG_TP159_Financials_ClaimCard_v1 1-3,,true,17923,10,10,0
1471404569060,334,CNG_TP159_E_Select_Reserve_Line,200,"Number of samples in transaction : 1, number of failing samples : 0",CNG_TP159_Financials_ClaimCard_v1 1-6,,true,15101,10,10,0
1471404562356,6979,CNG_TP159_B_Login,200,"Number of samples in transaction : 1, number of failing samples : 0",CNG_TP159_Financials_ClaimCard_v1 1-1,,true,2300052,10,10,0
1471404569153,429,CNG_TP159_K_Next_To_Claims_Card_Instructions,200,"Number of samples in transaction : 1, number of failing samples : 0",CNG_TP159_Financials_ClaimCard_v1 1-3,,true,24420,10,10,0
1471404569414,303,CNG_TP159_C_Go_To_Claim_Summary,200,"Number of samples in transaction : 1, number of failing samples : 0",CNG_TP159_Financials_ClaimCard_v1 1-1,,true,31301,10,10,0
1471404568390,1372,CNG_TP159_H_Next_To_Payee_Info,200,"Number of samples in transaction : 1, number of failing samples : 0",CNG_TP159_Financials_ClaimCard_v1 1-2,,true,9925,10,10,0
1471404569414,328,CNG_TP159_G_Enter_Payment_Amount,200,"Number of samples in transaction : 1, number of failing samples : 0",CNG_TP159_Financials_ClaimCard_v1 1-6,,true,4030,10,10,0
1471404563800,6199,CNG_TP159_B_Login,200,"Number of samples in transaction : 1, number of failing samples : 0",CNG_TP159_Financials_ClaimCard_v1 1-4,,true,2299038,10,10,0
1471404569786,331,CNG_TP159_H_Next_To_Payee_Info,200,"Number of samples in transaction : 1, number of failing samples : 0",CNG_TP159_Financials_ClaimCard_v1 1-6,,true,9886,10,10,0
1471404569731,451,CNG_TP159_D_Actions_Claim_Card,200,"Number of samples in transaction : 2, number of failing samples : 0",CNG_TP159_Financials_ClaimCard_v1 1-1,,true,31537,10,10,0
1471404569783,494,CNG_TP159_I_Select_Payee_Type,200,"Number of samples in transaction : 1, number of failing samples : 0",CNG_TP159_Financials_ClaimCard_v1 1-2,,true,18609,10,10,0
1471404564614,5831,CNG_TP159_B_Login,200,"Number of samples in transaction : 1, number of failing samples : 0",CNG_TP159_Financials_ClaimCard_v1 1-7,,true,2294312,10,10,0
1471404570203,267,CNG_TP159_E_Select_Reserve_Line,200,"Number of samples in transaction : 1, number of failing samples : 0",CNG_TP159_Financials_ClaimCard_v1 1-1,,true,21364,10,10,0
1471404570135,374,CNG_TP159_I_Select_Payee_Type,200,"Number of samples in transaction : 1, number of failing samples : 0",CNG_TP159_Financials_ClaimCard_v1 1-6,,true,18603,10,10,0
1471404570065,450,CNG_TP159_C_Go_To_Claim_Summary,200,"Number of samples in transaction : 1, number of failing samples : 0",CNG_TP159_Financials_ClaimCard_v1 1-4,,true,31752,10,10,0
1471404570299,349,CNG_TP159_J_Select_Link_To_New_Card,200,"Number of samples in transaction : 1, number of failing samples : 0",CNG_TP159_Financials_ClaimCard_v1 1-2,,true,17980,10,10,0
1471404570497,259,CNG_TP159_G_Enter_Payment_Amount,200,"Number of samples in transaction : 1, number of failing samples : 0",CNG_TP159_Financials_ClaimCard_v1 1-1,,true,6294,10,10,0
1471404570521,337,CNG_TP159_J_Select_Link_To_New_Card,200,"Number of samples in transaction : 1, number of failing samples : 0",CNG_TP159_Financials_ClaimCard_v1 1-6,,true,17988,10,10,0
1471404563847,7032,CNG_TP159_B_Login,200,"Number of samples in transaction : 1, number of failing samples : 0",CNG_TP159_Financials_ClaimCard_v1 1-5,,true,2290732,10,10,0
1471404570485,512,CNG_TP159_C_Go_To_Claim_Summary,200,"Number of samples in transaction : 1, number of failing samples : 0",CNG_TP159_Financials_ClaimCard_v1 1-7,,true,35542,10,10,0
1471404570769,240,CNG_TP159_H_Next_To_Payee_Info,200,"Number of samples in transaction : 1, number of failing samples : 0",CNG_TP159_Financials_ClaimCard_v1 1-1,,true,10184,10,10,0
1471404570533,476,CNG_TP159_D_Actions_Claim_Card,200,"Number of samples in transaction : 2, number of failing samples : 0",CNG_TP159_Financials_ClaimCard_v1 1-4,,true,30661,10,10,0
1471404565823,5313,CNG_TP159_B_Login,200,"Number of samples in transaction : 1, number of failing samples : 0",CNG_TP159_Financials_ClaimCard_v1 1-10,,true,2266932,10,10,0
1471404571021,221,CNG_TP159_I_Select_Payee_Type,200,"Number of samples in transaction : 1, number of failing samples : 0",CNG_TP159_Financials_ClaimCard_v1 1-1,,true,18847,10,10,0
1471404571042,245,CNG_TP159_E_Select_Reserve_Line,200,"Number of samples in transaction : 1, number of failing samples : 0",CNG_TP159_Financials_ClaimCard_v1 1-4,,true,21039,10,10,0
1471404565441,5932,CNG_TP159_B_Login,200,"Number of samples in transaction : 1, number of failing samples : 0",CNG_TP159_Financials_ClaimCard_v1 1-9,,true,2299358,10,10,0
1471404571006,426,CNG_TP159_D_Actions_Claim_Card,200,"Number of samples in transaction : 2, number of failing samples : 0",CNG_TP159_Financials_ClaimCard_v1 1-7,,true,31829,10,10,0
1471404570658,805,CNG_TP159_K_Next_To_Claims_Card_Instructions,200,"Number of samples in transaction : 1, number of failing samples : 0",CNG_TP159_Financials_ClaimCard_v1 1-2,,true,27887,10,10,0
1471404571261,244,CNG_TP159_J_Select_Link_To_New_Card,200,"Number of samples in transaction : 1, number of failing samples : 0",CNG_TP159_Financials_ClaimCard_v1 1-1,,true,18228,10,10,0
1471404571313,239,CNG_TP159_G_Enter_Payment_Amount,200,"Number of samples in transaction : 1, number of failing samples : 0",CNG_TP159_Financials_ClaimCard_v1 1-4,,true,6285,10,10,0
1471404570909,728,CNG_TP159_C_Go_To_Claim_Summary,200,"Number of samples in transaction : 1, number of failing samples : 0",CNG_TP159_Financials_ClaimCard_v1 1-5,,true,50354,10,10,0
1471404571470,257,CNG_TP159_E_Select_Reserve_Line,200,"Number of samples in transaction : 1, number of failing samples : 0",CNG_TP159_Financials_ClaimCard_v1 1-7,,true,24219,10,10,0
1471404565008,6753,CNG_TP159_B_Login,200,"Number of samples in transaction : 1, number of failing samples : 0",CNG_TP159_Financials_ClaimCard_v1 1-8,,true,2266912,10,10,0
1471404570887,896,CNG_TP159_K_Next_To_Claims_Card_Instructions,200,"Number of samples in transaction : 1, number of failing samples : 0",CNG_TP159_Financials_ClaimCard_v1 1-6,,true,24264,10,10,0
1471404571391,420,CNG_TP159_C_Go_To_Claim_Summary,200,"Number of samples in transaction : 1, number of failing samples : 0",CNG_TP159_Financials_ClaimCard_v1 1-9,,true,27683,10,10,0
1471404571570,248,CNG_TP159_H_Next_To_Payee_Info,200,"Number of samples in transaction : 1, number of failing samples : 0",CNG_TP159_Financials_ClaimCard_v1 1-4,,true,9903,10,10,0
1471404571753,271,CNG_TP159_G_Enter_Payment_Amount,200,"Number of samples in transaction : 1, number of failing samples : 0",CNG_TP159_Financials_ClaimCard_v1 1-7,,true,6487,10,10,0
1471404571524,561,CNG_TP159_K_Next_To_Claims_Card_Instructions,200,"Number of samples in transaction : 1, number of failing samples : 0",CNG_TP159_Financials_ClaimCard_v1 1-1,,true,28345,10,10,0
1471404571828,249,CNG_TP159_I_Select_Payee_Type,200,"Number of samples in transaction : 1, number of failing samples : 0",CNG_TP159_Financials_ClaimCard_v1 1-4,,true,18633,10,10,0
1471404571170,923,CNG_TP159_C_Go_To_Claim_Summary,200,"Number of samples in transaction : 1, number of failing samples : 0",CNG_TP159_Financials_ClaimCard_v1 1-10,,true,38860,10,10,0
1471404571823,388,CNG_TP159_D_Actions_Claim_Card,200,"Number of samples in transaction : 2, number of failing samples : 0",CNG_TP159_Financials_ClaimCard_v1 1-9,,true,27006,10,10,0
1471404572043,235,CNG_TP159_H_Next_To_Payee_Info,200,"Number of samples in transaction : 1, number of failing samples : 0",CNG_TP159_Financials_ClaimCard_v1 1-7,,true,13161,10,10,0
1471404571656,697,CNG_TP159_D_Actions_Claim_Card,200,"Number of samples in transaction : 2, number of failing samples : 0",CNG_TP159_Financials_ClaimCard_v1 1-5,,true,36392,10,10,0
1471404572117,264,CNG_TP159_J_Select_Link_To_New_Card,200,"Number of samples in transaction : 1, number of failing samples : 0",CNG_TP159_Financials_ClaimCard_v1 1-4,,true,18014,10,10,0
1471404572251,230,CNG_TP159_E_Select_Reserve_Line,200,"Number of samples in transaction : 1, number of failing samples : 0",CNG_TP159_Financials_ClaimCard_v1 1-9,,true,19692,10,10,0
1471404572296,234,CNG_TP159_I_Select_Payee_Type,200,"Number of samples in transaction : 1, number of failing samples : 0",CNG_TP159_Financials_ClaimCard_v1 1-7,,true,21861,10,10,0
1471404572498,200,CNG_TP159_G_Enter_Payment_Amount,200,"Number of samples in transaction : 1, number of failing samples : 0",CNG_TP159_Financials_ClaimCard_v1 1-9,,true,4790,10,10,0
1471404572117,612,CNG_TP159_D_Actions_Claim_Card,200,"Number of samples in transaction : 2, number of failing samples : 0",CNG_TP159_Financials_ClaimCard_v1 1-10,,true,35882,10,10,0
1471404572375,388,CNG_TP159_E_Select_Reserve_Line,200,"Number of samples in transaction : 1, number of failing samples : 0",CNG_TP159_Financials_ClaimCard_v1 1-5,,true,15551,10,10,0
1471404572588,239,CNG_TP159_J_Select_Link_To_New_Card,200,"Number of samples in transaction : 1, number of failing samples : 0",CNG_TP159_Financials_ClaimCard_v1 1-7,,true,21235,10,10,0
1471404572881,218,CNG_TP159_H_Next_To_Payee_Info,200,"Number of samples in transaction : 1, number of failing samples : 0",CNG_TP159_Financials_ClaimCard_v1 1-9,,true,11889,10,10,0
1471404572417,753,CNG_TP159_K_Next_To_Claims_Card_Instructions,200,"Number of samples in transaction : 1, number of failing samples : 0",CNG_TP159_Financials_ClaimCard_v1 1-4,,true,39261,10,10,0
1471404572881,340,CNG_TP159_E_Select_Reserve_Line,200,"Number of samples in transaction : 1, number of failing samples : 0",CNG_TP159_Financials_ClaimCard_v1 1-10,,true,18842,10,10,0
1471404572940,357,CNG_TP159_G_Enter_Payment_Amount,200,"Number of samples in transaction : 1, number of failing samples : 0",CNG_TP159_Financials_ClaimCard_v1 1-5,,true,4090,10,10,0
1471404572941,446,CNG_TP159_K_Next_To_Claims_Card_Instructions,200,"Number of samples in transaction : 1, number of failing samples : 0",CNG_TP159_Financials_ClaimCard_v1 1-7,,true,26558,10,10,0
1471404569591,3898,CNG_TP159_M_Click_Finish,200,"Number of samples in transaction : 1, number of failing samples : 0",CNG_TP159_Financials_ClaimCard_v1 1-3,,true,5330,10,10,0
1471404573322,217,CNG_TP159_I_Select_Payee_Type,200,"Number of samples in transaction : 1, number of failing samples : 0",CNG_TP159_Financials_ClaimCard_v1 1-9,,true,20547,10,10,0
1471404571807,2041,CNG_TP159_C_Go_To_Claim_Summary,200,"Number of samples in transaction : 1, number of failing samples : 0",CNG_TP159_Financials_ClaimCard_v1 1-8,,true,55653,10,10,0
1471404573679,205,CNG_TP159_J_Select_Link_To_New_Card,200,"Number of samples in transaction : 1, number of failing samples : 0",CNG_TP159_Financials_ClaimCard_v1 1-9,,true,19925,10,10,0
1471404573570,302,CNG_TP159_G_Enter_Payment_Amount,200,"Number of samples in transaction : 1, number of failing samples : 0",CNG_TP159_Financials_ClaimCard_v1 1-10,,true,4797,10,10,0
1471404573616,359,CNG_TP159_H_Next_To_Payee_Info,200,"Number of samples in transaction : 1, number of failing samples : 0",CNG_TP159_Financials_ClaimCard_v1 1-5,,true,10276,10,10,0
1471404573617,398,CNG_TP159_P_View_Payment,200,"Number of samples in transaction : 1, number of failing samples : 0",CNG_TP159_Financials_ClaimCard_v1 1-3,,true,26090,10,10,0
1471404574076,976,CNG_TP159_I_Select_Payee_Type,200,"Number of samples in transaction : 1, number of failing samples : 0",CNG_TP159_Financials_ClaimCard_v1 1-5,,true,19006,10,10,0
1471404574020,1060,CNG_TP159_K_Next_To_Claims_Card_Instructions,200,"Number of samples in transaction : 1, number of failing samples : 0",CNG_TP159_Financials_ClaimCard_v1 1-9,,true,26352,10,10,0
1471404575223,402,CNG_TP159_J_Select_Link_To_New_Card,200,"Number of samples in transaction : 1, number of failing samples : 0",CNG_TP159_Financials_ClaimCard_v1 1-5,,true,18371,10,10,0
1471404572116,3550,CNG_TP159_M_Click_Finish,200,"Number of samples in transaction : 1, number of failing samples : 0",CNG_TP159_Financials_ClaimCard_v1 1-1,,true,5326,10,10,0
1471404574077,1695,CNG_TP159_Q_Return_To_Claim_Summary,200,"Number of samples in transaction : 1, number of failing samples : 0",CNG_TP159_Financials_ClaimCard_v1 1-3,,true,32904,10,10,0
1471404575781,104,CNG_TP159_R_Return_To_Desktop,200,"Number of samples in transaction : 1, number of failing samples : 0",CNG_TP159_Financials_ClaimCard_v1 1-3,,true,8871,10,10,0
1471404574076,1878,CNG_TP159_H_Next_To_Payee_Info,200,"Number of samples in transaction : 1, number of failing samples : 0",CNG_TP159_Financials_ClaimCard_v1 1-10,,true,10505,10,10,0
1471404575749,336,CNG_TP159_P_View_Payment,200,"Number of samples in transaction : 1, number of failing samples : 0",CNG_TP159_Financials_ClaimCard_v1 1-1,,true,28649,10,10,0
1471404575896,223,CNG_TP159_S_Logout,200,"Number of samples in transaction : 2, number of failing samples : 0",CNG_TP159_Financials_ClaimCard_v1 1-3,,true,1997,10,10,0
1471404571475,4741,CNG_TP159_M_Click_Finish,200,"Number of samples in transaction : 1, number of failing samples : 0",CNG_TP159_Financials_ClaimCard_v1 1-2,,true,5325,10,10,0
1471404576100,205,CNG_TP159_Q_Return_To_Claim_Summary,200,"Number of samples in transaction : 1, number of failing samples : 0",CNG_TP159_Financials_ClaimCard_v1 1-1,,true,32809,10,10,0
1471404576144,225,CNG_TP159_A_Launch_Browser,200,"Number of samples in transaction : 1, number of failing samples : 0",CNG_TP159_Financials_ClaimCard_v1 1-3,,true,13089,10,10,0
1471404575748,671,CNG_TP159_K_Next_To_Claims_Card_Instructions,200,"Number of samples in transaction : 1, number of failing samples : 0",CNG_TP159_Financials_ClaimCard_v1 1-5,,true,26889,10,10,0
1471404576045,396,CNG_TP159_I_Select_Payee_Type,200,"Number of samples in transaction : 1, number of failing samples : 0",CNG_TP159_Financials_ClaimCard_v1 1-10,,true,19214,10,10,0
1471404576312,290,CNG_TP159_R_Return_To_Desktop,200,"Number of samples in transaction : 1, number of failing samples : 0",CNG_TP159_Financials_ClaimCard_v1 1-1,,true,43527,10,10,0
1471404571811,4931,CNG_TP159_M_Click_Finish,200,"Number of samples in transaction : 1, number of failing samples : 0",CNG_TP159_Financials_ClaimCard_v1 1-6,,true,8256,10,10,0
1471404573893,2894,CNG_TP159_D_Actions_Claim_Card,200,"Number of samples in transaction : 2, number of failing samples : 0",CNG_TP159_Financials_ClaimCard_v1 1-8,,true,38205,10,10,0
1471404576301,499,CNG_TP159_P_View_Payment,200,"Number of samples in transaction : 1, number of failing samples : 0",CNG_TP159_Financials_ClaimCard_v1 1-2,,true,28012,10,10,0
1471404576618,207,CNG_TP159_S_Logout,200,"Number of samples in transaction : 2, number of failing samples : 0",CNG_TP159_Financials_ClaimCard_v1 1-1,,true,1997,10,10,0
1471404576572,328,CNG_TP159_J_Select_Link_To_New_Card,200,"Number of samples in transaction : 1, number of failing samples : 0",CNG_TP159_Financials_ClaimCard_v1 1-10,,true,18591,10,10,0
1471404576959,195,CNG_TP159_A_Launch_Browser,200,"Number of samples in transaction : 1, number of failing samples : 0",CNG_TP159_Financials_ClaimCard_v1 1-1,,true,13089,10,10,0
1471404576958,293,CNG_TP159_Q_Return_To_Claim_Summary,200,"Number of samples in transaction : 1, number of failing samples : 0",CNG_TP159_Financials_ClaimCard_v1 1-2,,true,33752,10,10,0
1471404576915,431,CNG_TP159_P_View_Payment,200,"Number of samples in transaction : 1, number of failing samples : 0",CNG_TP159_Financials_ClaimCard_v1 1-6,,true,27890,10,10,0
1471404577273,148,CNG_TP159_R_Return_To_Desktop,200,"Number of samples in transaction : 1, number of failing samples : 0",CNG_TP159_Financials_ClaimCard_v1 1-2,,true,10725,10,10,0
1471404576958,562,CNG_TP159_E_Select_Reserve_Line,200,"Number of samples in transaction : 1, number of failing samples : 0",CNG_TP159_Financials_ClaimCard_v1 1-8,,true,19406,10,10,0
1471404573522,4024,CNG_TP159_M_Click_Finish,200,"Number of samples in transaction : 1, number of failing samples : 0",CNG_TP159_Financials_ClaimCard_v1 1-4,,true,8274,10,10,0
1471404576958,640,CNG_TP159_K_Next_To_Claims_Card_Instructions,200,"Number of samples in transaction : 1, number of failing samples : 0",CNG_TP159_Financials_ClaimCard_v1 1-10,,true,23809,10,10,0
1471404577439,218,CNG_TP159_S_Logout,200,"Number of samples in transaction : 2, number of failing samples : 0",CNG_TP159_Financials_ClaimCard_v1 1-2,,true,1997,10,10,0
1471404573616,4045,CNG_TP159_M_Click_Finish,200,"Number of samples in transaction : 1, number of failing samples : 0",CNG_TP159_Financials_ClaimCard_v1 1-7,,true,9734,10,10,0
1471404577364,376,CNG_TP159_Q_Return_To_Claim_Summary,200,"Number of samples in transaction : 1, number of failing samples : 0",CNG_TP159_Financials_ClaimCard_v1 1-6,,true,46814,10,10,0
1471404577799,109,CNG_TP159_R_Return_To_Desktop,200,"Number of samples in transaction : 1, number of failing samples : 0",CNG_TP159_Financials_ClaimCard_v1 1-6,,true,13669,10,10,0
1471404577800,186,CNG_TP159_A_Launch_Browser,200,"Number of samples in transaction : 1, number of failing samples : 0",CNG_TP159_Financials_ClaimCard_v1 1-2,,true,13089,10,10,0
1471404577919,195,CNG_TP159_S_Logout,200,"Number of samples in transaction : 2, number of failing samples : 0",CNG_TP159_Financials_ClaimCard_v1 1-6,,true,1997,10,10,0
1471404577799,403,CNG_TP159_P_View_Payment,200,"Number of samples in transaction : 1, number of failing samples : 0",CNG_TP159_Financials_ClaimCard_v1 1-7,,true,28909,10,10,0
1471404577743,490,CNG_TP159_G_Enter_Payment_Amount,200,"Number of samples in transaction : 1, number of failing samples : 0",CNG_TP159_Financials_ClaimCard_v1 1-8,,true,4801,10,10,0
1471404578147,203,CNG_TP159_A_Launch_Browser,200,"Number of samples in transaction : 1, number of failing samples : 0",CNG_TP159_Financials_ClaimCard_v1 1-6,,true,13089,10,10,0
1471404578213,247,CNG_TP159_Q_Return_To_Claim_Summary,200,"Number of samples in transaction : 1, number of failing samples : 0",CNG_TP159_Financials_ClaimCard_v1 1-7,,true,35193,10,10,0
1471404575223,3297,CNG_TP159_M_Click_Finish,200,"Number of samples in transaction : 1, number of failing samples : 0",CNG_TP159_Financials_ClaimCard_v1 1-9,,true,8276,10,10,0
1471404578471,238,CNG_TP159_R_Return_To_Desktop,200,"Number of samples in transaction : 1, number of failing samples : 0",CNG_TP159_Financials_ClaimCard_v1 1-7,,true,41057,10,10,0
1471404578343,502,CNG_TP159_H_Next_To_Payee_Info,200,"Number of samples in transaction : 1, number of failing samples : 0",CNG_TP159_Financials_ClaimCard_v1 1-8,,true,11551,10,10,0
1471404578719,233,CNG_TP159_S_Logout,200,"Number of samples in transaction : 2, number of failing samples : 0",CNG_TP159_Financials_ClaimCard_v1 1-7,,true,1997,10,10,0
1471404577743,1199,CNG_TP159_P_View_Payment,200,"Number of samples in transaction : 1, number of failing samples : 0",CNG_TP159_Financials_ClaimCard_v1 1-4,,true,27944,10,10,0
1471404578614,420,CNG_TP159_P_View_Payment,200,"Number of samples in transaction : 1, number of failing samples : 0",CNG_TP159_Financials_ClaimCard_v1 1-9,,true,26089,10,10,0
1471404578978,200,CNG_TP159_A_Launch_Browser,200,"Number of samples in transaction : 1, number of failing samples : 0",CNG_TP159_Financials_ClaimCard_v1 1-7,,true,13089,10,10,0
1471404579040,152,CNG_TP159_Q_Return_To_Claim_Summary,200,"Number of samples in transaction : 1, number of failing samples : 0",CNG_TP159_Financials_ClaimCard_v1 1-9,,true,27334,10,10,0
1471404578991,207,CNG_TP159_Q_Return_To_Claim_Summary,200,"Number of samples in transaction : 1, number of failing samples : 0",CNG_TP159_Financials_ClaimCard_v1 1-4,,true,33263,10,10,0
1471404579198,242,CNG_TP159_R_Return_To_Desktop,200,"Number of samples in transaction : 1, number of failing samples : 0",CNG_TP159_Financials_ClaimCard_v1 1-9,,true,44249,10,10,0
1471404578934,556,CNG_TP159_I_Select_Payee_Type,200,"Number of samples in transaction : 1, number of failing samples : 0",CNG_TP159_Financials_ClaimCard_v1 1-8,,true,20201,10,10,0
1471404579207,304,CNG_TP159_R_Return_To_Desktop,200,"Number of samples in transaction : 1, number of failing samples : 0",CNG_TP159_Financials_ClaimCard_v1 1-4,,true,45777,10,10,0
1471404579451,224,CNG_TP159_S_Logout,200,"Number of samples in transaction : 2, number of failing samples : 0",CNG_TP159_Financials_ClaimCard_v1 1-9,,true,1997,10,10,0
1471404579565,247,CNG_TP159_S_Logout,200,"Number of samples in transaction : 2, number of failing samples : 0",CNG_TP159_Financials_ClaimCard_v1 1-4,,true,1997,10,10,0
1471404579692,196,CNG_TP159_A_Launch_Browser,200,"Number of samples in transaction : 1, number of failing samples : 0",CNG_TP159_Financials_ClaimCard_v1 1-9,,true,13089,10,10,0
1471404576381,3584,CNG_TP159_B_Login,200,"Number of samples in transaction : 1, number of failing samples : 0",CNG_TP159_Financials_ClaimCard_v1 1-3,,true,2284921,10,10,0
1471404579565,556,CNG_TP159_J_Select_Link_To_New_Card,200,"Number of samples in transaction : 1, number of failing samples : 0",CNG_TP159_Financials_ClaimCard_v1 1-8,,true,19580,10,10,0
1471404580072,474,CNG_TP159_C_Go_To_Claim_Summary,200,"Number of samples in transaction : 1, number of failing samples : 0",CNG_TP159_Financials_ClaimCard_v1 1-3,,true,30958,10,10,0
1471404576571,4375,CNG_TP159_M_Click_Finish,200,"Number of samples in transaction : 1, number of failing samples : 0",CNG_TP159_Financials_ClaimCard_v1 1-5,,true,5723,10,10,0
1471404580583,438,CNG_TP159_D_Actions_Claim_Card,200,"Number of samples in transaction : 2, number of failing samples : 0",CNG_TP159_Financials_ClaimCard_v1 1-3,,true,30657,10,10,0
1471404580194,851,CNG_TP159_K_Next_To_Claims_Card_Instructions,200,"Number of samples in transaction : 1, number of failing samples : 0",CNG_TP159_Financials_ClaimCard_v1 1-8,,true,26040,10,10,0
1471404579836,1375,CNG_TP159_A_Launch_Browser,200,"Number of samples in transaction : 1, number of failing samples : 0",CNG_TP159_Financials_ClaimCard_v1 1-4,,true,13089,10,10,0
1471404581179,237,CNG_TP159_E_Select_Reserve_Line,200,"Number of samples in transaction : 1, number of failing samples : 0",CNG_TP159_Financials_ClaimCard_v1 1-3,,true,23032,10,10,0
1471404581028,522,CNG_TP159_P_View_Payment,200,"Number of samples in transaction : 1, number of failing samples : 0",CNG_TP159_Financials_ClaimCard_v1 1-5,,true,26046,10,10,0
1471404581542,201,CNG_TP159_G_Enter_Payment_Amount,200,"Number of samples in transaction : 1, number of failing samples : 0",CNG_TP159_Financials_ClaimCard_v1 1-3,,true,6306,10,10,0
1471404581602,405,CNG_TP159_Q_Return_To_Claim_Summary,200,"Number of samples in transaction : 1, number of failing samples : 0",CNG_TP159_Financials_ClaimCard_v1 1-5,,true,50005,10,10,0
1471404581801,259,CNG_TP159_H_Next_To_Payee_Info,200,"Number of samples in transaction : 1, number of failing samples : 0",CNG_TP159_Financials_ClaimCard_v1 1-3,,true,11841,10,10,0
1471404579182,2928,CNG_TP159_B_Login,200,"Number of samples in transaction : 1, number of failing samples : 0",CNG_TP159_Financials_ClaimCard_v1 1-7,,true,2269526,10,10,0
1471404582011,242,CNG_TP159_R_Return_To_Desktop,200,"Number of samples in transaction : 1, number of failing samples : 0",CNG_TP159_Financials_ClaimCard_v1 1-5,,true,32662,10,10,0
1471404582206,229,CNG_TP159_I_Select_Payee_Type,200,"Number of samples in transaction : 1, number of failing samples : 0",CNG_TP159_Financials_ClaimCard_v1 1-3,,true,20503,10,10,0
1471404582258,196,CNG_TP159_S_Logout,200,"Number of samples in transaction : 2, number of failing samples : 0",CNG_TP159_Financials_ClaimCard_v1 1-5,,true,1997,10,10,0
1471404577170,5402,CNG_TP159_B_Login,200,"Number of samples in transaction : 1, number of failing samples : 0",CNG_TP159_Financials_ClaimCard_v1 1-1,,true,2273767,10,10,0
1471404577995,4614,CNG_TP159_B_Login,200,"Number of samples in transaction : 1, number of failing samples : 0",CNG_TP159_Financials_ClaimCard_v1 1-2,,true,2269480,10,10,0
1471404582500,175,CNG_TP159_A_Launch_Browser,200,"Number of samples in transaction : 1, number of failing samples : 0",CNG_TP159_Financials_ClaimCard_v1 1-5,,true,13089,10,10,0
1471404582498,208,CNG_TP159_J_Select_Link_To_New_Card,200,"Number of samples in transaction : 1, number of failing samples : 0",CNG_TP159_Financials_ClaimCard_v1 1-3,,true,19880,10,10,0
1471404582207,527,CNG_TP159_C_Go_To_Claim_Summary,200,"Number of samples in transaction : 1, number of failing samples : 0",CNG_TP159_Financials_ClaimCard_v1 1-7,,true,35181,10,10,0
1471404577798,5248,CNG_TP159_M_Click_Finish,200,"Number of samples in transaction : 1, number of failing samples : 0",CNG_TP159_Financials_ClaimCard_v1 1-10,,true,8954,10,10,0
1471404582736,339,CNG_TP159_C_Go_To_Claim_Summary,200,"Number of samples in transaction : 1, number of failing samples : 0",CNG_TP159_Financials_ClaimCard_v1 1-1,,true,27737,10,10,0
1471404582824,515,CNG_TP159_D_Actions_Claim_Card,200,"Number of samples in transaction : 2, number of failing samples : 0",CNG_TP159_Financials_ClaimCard_v1 1-7,,true,35014,10,10,0
1471404582824,629,CNG_TP159_K_Next_To_Claims_Card_Instructions,200,"Number of samples in transaction : 1, number of failing samples : 0",CNG_TP159_Financials_ClaimCard_v1 1-3,,true,25258,10,10,0
1471404583134,363,CNG_TP159_D_Actions_Claim_Card,200,"Number of samples in transaction : 2, number of failing samples : 0",CNG_TP159_Financials_ClaimCard_v1 1-1,,true,29313,10,10,0
1471404583134,472,CNG_TP159_P_View_Payment,200,"Number of samples in transaction : 1, number of failing samples : 0",CNG_TP159_Financials_ClaimCard_v1 1-10,,true,26906,10,10,0
1471404582824,796,CNG_TP159_C_Go_To_Claim_Summary,200,"Number of samples in transaction : 1, number of failing samples : 0",CNG_TP159_Financials_ClaimCard_v1 1-2,,true,38523,10,10,0
1471404583394,272,CNG_TP159_E_Select_Reserve_Line,200,"Number of samples in transaction : 1, number of failing samples : 0",CNG_TP159_Financials_ClaimCard_v1 1-7,,true,22531,10,10,0
1471404583568,235,CNG_TP159_E_Select_Reserve_Line,200,"Number of samples in transaction : 1, number of failing samples : 0",CNG_TP159_Financials_ClaimCard_v1 1-1,,true,20938,10,10,0
1471404583612,313,CNG_TP159_Q_Return_To_Claim_Summary,200,"Number of samples in transaction : 1, number of failing samples : 0",CNG_TP159_Financials_ClaimCard_v1 1-10,,true,38511,10,10,0
1471404579894,4037,CNG_TP159_B_Login,200,"Number of samples in transaction : 1, number of failing samples : 0",CNG_TP159_Financials_ClaimCard_v1 1-9,,true,2268375,10,10,0
1471404578364,5590,CNG_TP159_B_Login,200,"Number of samples in transaction : 1, number of failing samples : 0",CNG_TP159_Financials_ClaimCard_v1 1-6,,true,2287946,10,10,0
1471404583785,233,CNG_TP159_G_Enter_Payment_Amount,200,"Number of samples in transaction : 1, number of failing samples : 0",CNG_TP159_Financials_ClaimCard_v1 1-7,,true,6288,10,10,0
1471404583877,197,CNG_TP159_G_Enter_Payment_Amount,200,"Number of samples in transaction : 1, number of failing samples : 0",CNG_TP159_Financials_ClaimCard_v1 1-1,,true,6434,10,10,0
1471404584049,110,CNG_TP159_R_Return_To_Desktop,200,"Number of samples in transaction : 1, number of failing samples : 0",CNG_TP159_Financials_ClaimCard_v1 1-10,,true,11828,10,10,0
1471404583659,441,CNG_TP159_D_Actions_Claim_Card,200,"Number of samples in transaction : 2, number of failing samples : 0",CNG_TP159_Financials_ClaimCard_v1 1-2,,true,34935,10,10,0
1471404584212,169,CNG_TP159_S_Logout,200,"Number of samples in transaction : 2, number of failing samples : 0",CNG_TP159_Financials_ClaimCard_v1 1-10,,true,1997,10,10,0
1471404584212,200,CNG_TP159_H_Next_To_Payee_Info,200,"Number of samples in transaction : 1, number of failing samples : 0",CNG_TP159_Financials_ClaimCard_v1 1-1,,true,9880,10,10,0
1471404584212,266,CNG_TP159_H_Next_To_Payee_Info,200,"Number of samples in transaction : 1, number of failing samples : 0",CNG_TP159_Financials_ClaimCard_v1 1-7,,true,11880,10,10,0
1471404584212,271,CNG_TP159_E_Select_Reserve_Line,200,"Number of samples in transaction : 1, number of failing samples : 0",CNG_TP159_Financials_ClaimCard_v1 1-2,,true,21377,10,10,0
1471404584389,192,CNG_TP159_A_Launch_Browser,200,"Number of samples in transaction : 1, number of failing samples : 0",CNG_TP159_Financials_ClaimCard_v1 1-10,,true,13089,10,10,0
1471404581215,3296,CNG_TP159_B_Login,200,"Number of samples in transaction : 1, number of failing samples : 0",CNG_TP159_Financials_ClaimCard_v1 1-4,,true,2288464,10,10,0
1471404584050,747,CNG_TP159_C_Go_To_Claim_Summary,200,"Number of samples in transaction : 1, number of failing samples : 0",CNG_TP159_Financials_ClaimCard_v1 1-9,,true,36028,10,10,0
1471404584108,915,CNG_TP159_C_Go_To_Claim_Summary,200,"Number of samples in transaction : 1, number of failing samples : 0",CNG_TP159_Financials_ClaimCard_v1 1-6,,true,44183,10,10,0
1471404584852,193,CNG_TP159_I_Select_Payee_Type,200,"Number of samples in transaction : 1, number of failing samples : 0",CNG_TP159_Financials_ClaimCard_v1 1-1,,true,18546,10,10,0
1471404584852,257,CNG_TP159_I_Select_Payee_Type,200,"Number of samples in transaction : 1, number of failing samples : 0",CNG_TP159_Financials_ClaimCard_v1 1-7,,true,20559,10,10,0
1471404584860,265,CNG_TP159_G_Enter_Payment_Amount,200,"Number of samples in transaction : 1, number of failing samples : 0",CNG_TP159_Financials_ClaimCard_v1 1-2,,true,5655,10,10,0
1471404584896,406,CNG_TP159_D_Actions_Claim_Card,200,"Number of samples in transaction : 2, number of failing samples : 0",CNG_TP159_Financials_ClaimCard_v1 1-9,,true,31982,10,10,0
1471404585329,187,CNG_TP159_J_Select_Link_To_New_Card,200,"Number of samples in transaction : 1, number of failing samples : 0",CNG_TP159_Financials_ClaimCard_v1 1-1,,true,17923,10,10,0
1471404584896,686,CNG_TP159_C_Go_To_Claim_Summary,200,"Number of samples in transaction : 1, number of failing samples : 0",CNG_TP159_Financials_ClaimCard_v1 1-4,,true,39154,10,10,0
1471404585329,256,CNG_TP159_J_Select_Link_To_New_Card,200,"Number of samples in transaction : 1, number of failing samples : 0",CNG_TP159_Financials_ClaimCard_v1 1-7,,true,19936,10,10,0
1471404585366,256,CNG_TP159_H_Next_To_Payee_Info,200,"Number of samples in transaction : 1, number of failing samples : 0",CNG_TP159_Financials_ClaimCard_v1 1-2,,true,12679,10,10,0
1471404585366,275,CNG_TP159_E_Select_Reserve_Line,200,"Number of samples in transaction : 1, number of failing samples : 0",CNG_TP159_Financials_ClaimCard_v1 1-9,,true,22367,10,10,0
1471404585138,569,CNG_TP159_D_Actions_Claim_Card,200,"Number of samples in transaction : 2, number of failing samples : 0",CNG_TP159_Financials_ClaimCard_v1 1-6,,true,36690,10,10,0
1471404585637,340,CNG_TP159_K_Next_To_Claims_Card_Instructions,200,"Number of samples in transaction : 1, number of failing samples : 0",CNG_TP159_Financials_ClaimCard_v1 1-1,,true,23305,10,10,0
1471404585885,214,CNG_TP159_G_Enter_Payment_Amount,200,"Number of samples in transaction : 1, number of failing samples : 0",CNG_TP159_Financials_ClaimCard_v1 1-9,,true,6349,10,10,0
1471404582824,3275,CNG_TP159_B_Login,200,"Number of samples in transaction : 1, number of failing samples : 0",CNG_TP159_Financials_ClaimCard_v1 1-5,,true,2271656,10,10,0
1471404585880,272,CNG_TP159_I_Select_Payee_Type,200,"Number of samples in transaction : 1, number of failing samples : 0",CNG_TP159_Financials_ClaimCard_v1 1-2,,true,21352,10,10,0
1471404585886,298,CNG_TP159_E_Select_Reserve_Line,200,"Number of samples in transaction : 1, number of failing samples : 0",CNG_TP159_Financials_ClaimCard_v1 1-6,,true,19330,10,10,0
1471404585769,516,CNG_TP159_D_Actions_Claim_Card,200,"Number of samples in transaction : 2, number of failing samples : 0",CNG_TP159_Financials_ClaimCard_v1 1-4,,true,35895,10,10,0
1471404585880,472,CNG_TP159_K_Next_To_Claims_Card_Instructions,200,"Number of samples in transaction : 1, number of failing samples : 0",CNG_TP159_Financials_ClaimCard_v1 1-7,,true,24631,10,10,0
1471404586413,230,CNG_TP159_H_Next_To_Payee_Info,200,"Number of samples in transaction : 1, number of failing samples : 0",CNG_TP159_Financials_ClaimCard_v1 1-9,,true,11220,10,10,0
1471404586454,269,CNG_TP159_J_Select_Link_To_New_Card,200,"Number of samples in transaction : 1, number of failing samples : 0",CNG_TP159_Financials_ClaimCard_v1 1-2,,true,20729,10,10,0
1471404586540,273,CNG_TP159_G_Enter_Payment_Amount,200,"Number of samples in transaction : 1, number of failing samples : 0",CNG_TP159_Financials_ClaimCard_v1 1-6,,true,4849,10,10,0
1471404586800,217,CNG_TP159_I_Select_Payee_Type,200,"Number of samples in transaction : 1, number of failing samples : 0",CNG_TP159_Financials_ClaimCard_v1 1-9,,true,19870,10,10,0
1471404583566,3625,CNG_TP159_M_Click_Finish,200,"Number of samples in transaction : 1, number of failing samples : 0",CNG_TP159_Financials_ClaimCard_v1 1-3,,true,5321,10,10,0
1471404586927,303,CNG_TP159_H_Next_To_Payee_Info,200,"Number of samples in transaction : 1, number of failing samples : 0",CNG_TP159_Financials_ClaimCard_v1 1-6,,true,11515,10,10,0
1471404587090,223,CNG_TP159_J_Select_Link_To_New_Card,200,"Number of samples in transaction : 1, number of failing samples : 0",CNG_TP159_Financials_ClaimCard_v1 1-9,,true,19249,10,10,0
1471404586801,604,CNG_TP159_K_Next_To_Claims_Card_Instructions,200,"Number of samples in transaction : 1, number of failing samples : 0",CNG_TP159_Financials_ClaimCard_v1 1-2,,true,26138,10,10,0
1471404587413,285,CNG_TP159_I_Select_Payee_Type,200,"Number of samples in transaction : 1, number of failing samples : 0",CNG_TP159_Financials_ClaimCard_v1 1-6,,true,20177,10,10,0
1471404584896,2815,CNG_TP159_B_Login,200,"Number of samples in transaction : 1, number of failing samples : 0",CNG_TP159_Financials_ClaimCard_v1 1-10,,true,2278448,10,10,0
1471404587327,397,CNG_TP159_P_View_Payment,200,"Number of samples in transaction : 1, number of failing samples : 0",CNG_TP159_Financials_ClaimCard_v1 1-3,,true,27930,10,10,0
1471404586540,1407,CNG_TP159_E_Select_Reserve_Line,200,"Number of samples in transaction : 1, number of failing samples : 0",CNG_TP159_Financials_ClaimCard_v1 1-4,,true,17753,10,10,0
1471404587838,197,CNG_TP159_Q_Return_To_Claim_Summary,200,"Number of samples in transaction : 1, number of failing samples : 0",CNG_TP159_Financials_ClaimCard_v1 1-3,,true,32461,10,10,0
1471404587408,655,CNG_TP159_K_Next_To_Claims_Card_Instructions,200,"Number of samples in transaction : 1, number of failing samples : 0",CNG_TP159_Financials_ClaimCard_v1 1-9,,true,22699,10,10,0
1471404587837,279,CNG_TP159_J_Select_Link_To_New_Card,200,"Number of samples in transaction : 1, number of failing samples : 0",CNG_TP159_Financials_ClaimCard_v1 1-6,,true,19555,10,10,0
1471404588138,167,CNG_TP159_R_Return_To_Desktop,200,"Number of samples in transaction : 1, number of failing samples : 0",CNG_TP159_Financials_ClaimCard_v1 1-3,,true,28725,10,10,0
1471404586413,1884,CNG_TP159_C_Go_To_Claim_Summary,200,"Number of samples in transaction : 1, number of failing samples : 0",CNG_TP159_Financials_ClaimCard_v1 1-5,,true,51651,10,10,0
1471404588138,252,CNG_TP159_G_Enter_Payment_Amount,200,"Number of samples in transaction : 1, number of failing samples : 0",CNG_TP159_Financials_ClaimCard_v1 1-4,,true,4827,10,10,0
1471404588358,182,CNG_TP159_S_Logout,200,"Number of samples in transaction : 2, number of failing samples : 0",CNG_TP159_Financials_ClaimCard_v1 1-3,,true,1997,10,10,0
1471404588185,479,CNG_TP159_K_Next_To_Claims_Card_Instructions,200,"Number of samples in transaction : 1, number of failing samples : 0",CNG_TP159_Financials_ClaimCard_v1 1-6,,true,23016,10,10,0
1471404588572,160,CNG_TP159_A_Launch_Browser,200,"Number of samples in transaction : 1, number of failing samples : 0",CNG_TP159_Financials_ClaimCard_v1 1-3,,true,13089,10,10,0
1471404588450,279,CNG_TP159_H_Next_To_Payee_Info,200,"Number of samples in transaction : 1, number of failing samples : 0",CNG_TP159_Financials_ClaimCard_v1 1-4,,true,9872,10,10,0
1471404588822,258,CNG_TP159_I_Select_Payee_Type,200,"Number of samples in transaction : 1, number of failing samples : 0",CNG_TP159_Financials_ClaimCard_v1 1-4,,true,18519,10,10,0
1471404587838,1317,CNG_TP159_C_Go_To_Claim_Summary,200,"Number of samples in transaction : 1, number of failing samples : 0",CNG_TP159_Financials_ClaimCard_v1 1-10,,true,42931,10,10,0
1471404588358,901,CNG_TP159_D_Actions_Claim_Card,200,"Number of samples in transaction : 2, number of failing samples : 0",CNG_TP159_Financials_ClaimCard_v1 1-5,,true,36763,10,10,0
1471404586059,3401,CNG_TP159_M_Click_Finish,200,"Number of samples in transaction : 1, number of failing samples : 0",CNG_TP159_Financials_ClaimCard_v1 1-1,,true,8282,10,10,0
1471404589193,305,CNG_TP159_J_Select_Link_To_New_Card,200,"Number of samples in transaction : 1, number of failing samples : 0",CNG_TP159_Financials_ClaimCard_v1 1-4,,true,17898,10,10,0
1471404589312,432,CNG_TP159_E_Select_Reserve_Line,200,"Number of samples in transaction : 1, number of failing samples : 0",CNG_TP159_Financials_ClaimCard_v1 1-5,,true,17451,10,10,0
1471404589194,676,CNG_TP159_D_Actions_Claim_Card,200,"Number of samples in transaction : 2, number of failing samples : 0",CNG_TP159_Financials_ClaimCard_v1 1-10,,true,37427,10,10,0
1471404589621,355,CNG_TP159_P_View_Payment,200,"Number of samples in transaction : 1, number of failing samples : 0",CNG_TP159_Financials_ClaimCard_v1 1-1,,true,26081,10,10,0
1471404589621,427,CNG_TP159_K_Next_To_Claims_Card_Instructions,200,"Number of samples in transaction : 1, number of failing samples : 0",CNG_TP159_Financials_ClaimCard_v1 1-4,,true,22557,10,10,0
1471404589992,220,CNG_TP159_Q_Return_To_Claim_Summary,200,"Number of samples in transaction : 1, number of failing samples : 0",CNG_TP159_Financials_ClaimCard_v1 1-1,,true,27388,10,10,0
1471404589911,313,CNG_TP159_E_Select_Reserve_Line,200,"Number of samples in transaction : 1, number of failing samples : 0",CNG_TP159_Financials_ClaimCard_v1 1-10,,true,16670,10,10,0
1471404589826,403,CNG_TP159_G_Enter_Payment_Amount,200,"Number of samples in transaction : 1, number of failing samples : 0",CNG_TP159_Financials_ClaimCard_v1 1-5,,true,4441,10,10,0
1471404590217,131,CNG_TP159_R_Return_To_Desktop,200,"Number of samples in transaction : 1, number of failing samples : 0",CNG_TP159_Financials_ClaimCard_v1 1-1,,true,18666,10,10,0
1471404586541,3860,CNG_TP159_M_Click_Finish,200,"Number of samples in transaction : 1, number of failing samples : 0",CNG_TP159_Financials_ClaimCard_v1 1-7,,true,8267,10,10,0
1471404590360,193,CNG_TP159_S_Logout,200,"Number of samples in transaction : 2, number of failing samples : 0",CNG_TP159_Financials_ClaimCard_v1 1-1,,true,1997,10,10,0
1471404590344,310,CNG_TP159_G_Enter_Payment_Amount,200,"Number of samples in transaction : 1, number of failing samples : 0",CNG_TP159_Financials_ClaimCard_v1 1-10,,true,4448,10,10,0
1471404581180,9591,CNG_TP159_M_Click_Finish,200,"Number of samples in transaction : 1, number of failing samples : 0",CNG_TP159_Financials_ClaimCard_v1 1-8,,true,10022,10,10,0
1471404590345,424,CNG_TP159_H_Next_To_Payee_Info,200,"Number of samples in transaction : 1, number of failing samples : 0",CNG_TP159_Financials_ClaimCard_v1 1-5,,true,11618,10,10,0
1471404590567,202,CNG_TP159_A_Launch_Browser,200,"Number of samples in transaction : 1, number of failing samples : 0",CNG_TP159_Financials_ClaimCard_v1 1-1,,true,13089,10,10,0
1471404590475,338,CNG_TP159_P_View_Payment,200,"Number of samples in transaction : 1, number of failing samples : 0",CNG_TP159_Financials_ClaimCard_v1 1-7,,true,26103,10,10,0
1471404588822,2131,CNG_TP159_B_Login,200,"Number of samples in transaction : 1, number of failing samples : 0",CNG_TP159_Financials_ClaimCard_v1 1-3,,true,2300052,10,10,0
1471404590886,421,CNG_TP159_I_Select_Payee_Type,200,"Number of samples in transaction : 1, number of failing samples : 0",CNG_TP159_Financials_ClaimCard_v1 1-5,,true,20327,10,10,0
1471404590885,533,CNG_TP159_P_View_Payment,200,"Number of samples in transaction : 1, number of failing samples : 0",CNG_TP159_Financials_ClaimCard_v1 1-8,,true,27494,10,10,0
1471404590886,532,CNG_TP159_Q_Return_To_Claim_Summary,200,"Number of samples in transaction : 1, number of failing samples : 0",CNG_TP159_Financials_ClaimCard_v1 1-7,,true,34832,10,10,0
1471404590885,616,CNG_TP159_H_Next_To_Payee_Info,200,"Number of samples in transaction : 1, number of failing samples : 0",CNG_TP159_Financials_ClaimCard_v1 1-10,,true,11060,10,10,0
1471404591437,108,CNG_TP159_R_Return_To_Desktop,200,"Number of samples in transaction : 1, number of failing samples : 0",CNG_TP159_Financials_ClaimCard_v1 1-7,,true,14417,10,10,0
1471404588185,3468,CNG_TP159_M_Click_Finish,200,"Number of samples in transaction : 1, number of failing samples : 0",CNG_TP159_Financials_ClaimCard_v1 1-9,,true,4791,10,10,0
1471404591558,162,CNG_TP159_S_Logout,200,"Number of samples in transaction : 2, number of failing samples : 0",CNG_TP159_Financials_ClaimCard_v1 1-7,,true,1997,10,10,0
1471404591557,311,CNG_TP159_I_Select_Payee_Type,200,"Number of samples in transaction : 1, number of failing samples : 0",CNG_TP159_Financials_ClaimCard_v1 1-10,,true,19718,10,10,0
1471404591753,172,CNG_TP159_A_Launch_Browser,200,"Number of samples in transaction : 1, number of failing samples : 0",CNG_TP159_Financials_ClaimCard_v1 1-7,,true,13089,10,10,0
1471404591059,907,CNG_TP159_C_Go_To_Claim_Summary,200,"Number of samples in transaction : 1, number of failing samples : 0",CNG_TP159_Financials_ClaimCard_v1 1-3,,true,44220,10,10,0
1471404591422,678,CNG_TP159_Q_Return_To_Claim_Summary,200,"Number of samples in transaction : 1, number of failing samples : 0",CNG_TP159_Financials_ClaimCard_v1 1-8,,true,55304,10,10,0
1471404587491,4622,CNG_TP159_M_Click_Finish,200,"Number of samples in transaction : 1, number of failing samples : 0",CNG_TP159_Financials_ClaimCard_v1 1-2,,true,9170,10,10,0
1471404591751,416,CNG_TP159_P_View_Payment,200,"Number of samples in transaction : 1, number of failing samples : 0",CNG_TP159_Financials_ClaimCard_v1 1-9,,true,29406,10,10,0
1471404592114,116,CNG_TP159_R_Return_To_Desktop,200,"Number of samples in transaction : 1, number of failing samples : 0",CNG_TP159_Financials_ClaimCard_v1 1-8,,true,11809,10,10,0
1471404592012,305,CNG_TP159_J_Select_Link_To_New_Card,200,"Number of samples in transaction : 1, number of failing samples : 0",CNG_TP159_Financials_ClaimCard_v1 1-10,,true,19094,10,10,0
1471404592188,187,CNG_TP159_Q_Return_To_Claim_Summary,200,"Number of samples in transaction : 1, number of failing samples : 0",CNG_TP159_Financials_ClaimCard_v1 1-9,,true,35679,10,10,0
1471404592238,182,CNG_TP159_S_Logout,200,"Number of samples in transaction : 2, number of failing samples : 0",CNG_TP159_Financials_ClaimCard_v1 1-8,,true,1997,10,10,0
1471404592378,100,CNG_TP159_R_Return_To_Desktop,200,"Number of samples in transaction : 1, number of failing samples : 0",CNG_TP159_Financials_ClaimCard_v1 1-9,,true,12169,10,10,0
1471404592424,161,CNG_TP159_A_Launch_Browser,200,"Number of samples in transaction : 1, number of failing samples : 0",CNG_TP159_Financials_ClaimCard_v1 1-8,,true,13089,10,10,0
1471404592188,392,CNG_TP159_P_View_Payment,200,"Number of samples in transaction : 1, number of failing samples : 0",CNG_TP159_Financials_ClaimCard_v1 1-2,,true,28318,10,10,0
1471404592012,585,CNG_TP159_D_Actions_Claim_Card,200,"Number of samples in transaction : 2, number of failing samples : 0",CNG_TP159_Financials_ClaimCard_v1 1-3,,true,36806,10,10,0
1471404592483,164,CNG_TP159_S_Logout,200,"Number of samples in transaction : 2, number of failing samples : 0",CNG_TP159_Financials_ClaimCard_v1 1-9,,true,1997,10,10,0
1471404592670,177,CNG_TP159_A_Launch_Browser,200,"Number of samples in transaction : 1, number of failing samples : 0",CNG_TP159_Financials_ClaimCard_v1 1-9,,true,13089,10,10,0
1471404592588,290,CNG_TP159_Q_Return_To_Claim_Summary,200,"Number of samples in transaction : 1, number of failing samples : 0",CNG_TP159_Financials_ClaimCard_v1 1-2,,true,40026,10,10,0
1471404592374,556,CNG_TP159_K_Next_To_Claims_Card_Instructions,200,"Number of samples in transaction : 1, number of failing samples : 0",CNG_TP159_Financials_ClaimCard_v1 1-10,,true,23314,10,10,0
1471404592668,313,CNG_TP159_E_Select_Reserve_Line,200,"Number of samples in transaction : 1, number of failing samples : 0",CNG_TP159_Financials_ClaimCard_v1 1-3,,true,22116,10,10,0
1471404592884,108,CNG_TP159_R_Return_To_Desktop,200,"Number of samples in transaction : 1, number of failing samples : 0",CNG_TP159_Financials_ClaimCard_v1 1-2,,true,16229,10,10,0
1471404593084,187,CNG_TP159_S_Logout,200,"Number of samples in transaction : 2, number of failing samples : 0",CNG_TP159_Financials_ClaimCard_v1 1-2,,true,1997,10,10,0
1471404593083,268,CNG_TP159_G_Enter_Payment_Amount,200,"Number of samples in transaction : 1, number of failing samples : 0",CNG_TP159_Financials_ClaimCard_v1 1-3,,true,6414,10,10,0
1471404588822,4624,CNG_TP159_M_Click_Finish,200,"Number of samples in transaction : 1, number of failing samples : 0",CNG_TP159_Financials_ClaimCard_v1 1-6,,true,5108,10,10,0
1471404590886,2721,CNG_TP159_B_Login,200,"Number of samples in transaction : 1, number of failing samples : 0",CNG_TP159_Financials_ClaimCard_v1 1-1,,true,2266945,10,10,0
1471404593580,279,CNG_TP159_H_Next_To_Payee_Info,200,"Number of samples in transaction : 1, number of failing samples : 0",CNG_TP159_Financials_ClaimCard_v1 1-3,,true,11115,10,10,0
1471404591387,2504,CNG_TP159_J_Select_Link_To_New_Card,200,"Number of samples in transaction : 1, number of failing samples : 0",CNG_TP159_Financials_ClaimCard_v1 1-5,,true,19710,10,10,0
1471404593580,385,CNG_TP159_P_View_Payment,200,"Number of samples in transaction : 1, number of failing samples : 0",CNG_TP159_Financials_ClaimCard_v1 1-6,,true,29886,10,10,0
1471404593686,484,CNG_TP159_C_Go_To_Claim_Summary,200,"Number of samples in transaction : 1, number of failing samples : 0",CNG_TP159_Financials_ClaimCard_v1 1-1,,true,35926,10,10,0
1471404593991,309,CNG_TP159_I_Select_Payee_Type,200,"Number of samples in transaction : 1, number of failing samples : 0",CNG_TP159_Financials_ClaimCard_v1 1-3,,true,19839,10,10,0
1471404593992,356,CNG_TP159_Q_Return_To_Claim_Summary,200,"Number of samples in transaction : 1, number of failing samples : 0",CNG_TP159_Financials_ClaimCard_v1 1-6,,true,43834,10,10,0
1471404594373,193,CNG_TP159_R_Return_To_Desktop,200,"Number of samples in transaction : 1, number of failing samples : 0",CNG_TP159_Financials_ClaimCard_v1 1-6,,true,31738,10,10,0
1471404594372,293,CNG_TP159_J_Select_Link_To_New_Card,200,"Number of samples in transaction : 1, number of failing samples : 0",CNG_TP159_Financials_ClaimCard_v1 1-3,,true,19220,10,10,0
1471404594197,536,CNG_TP159_D_Actions_Claim_Card,200,"Number of samples in transaction : 2, number of failing samples : 0",CNG_TP159_Financials_ClaimCard_v1 1-1,,true,35158,10,10,0
1471404594571,211,CNG_TP159_S_Logout,200,"Number of samples in transaction : 2, number of failing samples : 0",CNG_TP159_Financials_ClaimCard_v1 1-6,,true,1997,10,10,0
1471404593991,824,CNG_TP159_K_Next_To_Claims_Card_Instructions,200,"Number of samples in transaction : 1, number of failing samples : 0",CNG_TP159_Financials_ClaimCard_v1 1-5,,true,24558,10,10,0
1471404594788,3467,CNG_TP159_A_Launch_Browser,200,"Number of samples in transaction : 1, number of failing samples : 0",CNG_TP159_Financials_ClaimCard_v1 1-6,,true,13089,10,10,0
1471404590102,8263,CNG_TP159_M_Click_Finish,200,"Number of samples in transaction : 1, number of failing samples : 0",CNG_TP159_Financials_ClaimCard_v1 1-4,,true,8277,10,10,0
1471404593280,5361,CNG_TP159_A_Launch_Browser,200,"Number of samples in transaction : 1, number of failing samples : 0",CNG_TP159_Financials_ClaimCard_v1 1-2,,true,13089,10,10,0
1471404594787,3893,CNG_TP159_E_Select_Reserve_Line,200,"Number of samples in transaction : 1, number of failing samples : 0",CNG_TP159_Financials_ClaimCard_v1 1-1,,true,16029,10,10,0
1471404598460,437,CNG_TP159_P_View_Payment,200,"Number of samples in transaction : 1, number of failing samples : 0",CNG_TP159_Financials_ClaimCard_v1 1-4,,true,28154,10,10,0
1471404594787,4199,CNG_TP159_K_Next_To_Claims_Card_Instructions,200,"Number of samples in transaction : 1, number of failing samples : 0",CNG_TP159_Financials_ClaimCard_v1 1-3,,true,22644,10,10,0
1471404593076,5975,CNG_TP159_M_Click_Finish,200,"Number of samples in transaction : 1, number of failing samples : 0",CNG_TP159_Financials_ClaimCard_v1 1-10,,true,6241,10,10,0
1471404598777,284,CNG_TP159_G_Enter_Payment_Amount,200,"Number of samples in transaction : 1, number of failing samples : 0",CNG_TP159_Financials_ClaimCard_v1 1-1,,true,4462,10,10,0
1471404598905,365,CNG_TP159_Q_Return_To_Claim_Summary,200,"Number of samples in transaction : 1, number of failing samples : 0",CNG_TP159_Financials_ClaimCard_v1 1-4,,true,40659,10,10,0
1471404599161,385,CNG_TP159_H_Next_To_Payee_Info,200,"Number of samples in transaction : 1, number of failing samples : 0",CNG_TP159_Financials_ClaimCard_v1 1-1,,true,10173,10,10,0
1471404599275,305,CNG_TP159_R_Return_To_Desktop,200,"Number of samples in transaction : 1, number of failing samples : 0",CNG_TP159_Financials_ClaimCard_v1 1-4,,true,35209,10,10,0
1471404599161,587,CNG_TP159_P_View_Payment,200,"Number of samples in transaction : 1, number of failing samples : 0",CNG_TP159_Financials_ClaimCard_v1 1-10,,true,27584,10,10,0
1471404599636,256,CNG_TP159_S_Logout,200,"Number of samples in transaction : 2, number of failing samples : 0",CNG_TP159_Financials_ClaimCard_v1 1-4,,true,1997,10,10,0
1471404599636,414,CNG_TP159_I_Select_Payee_Type,200,"Number of samples in transaction : 1, number of failing samples : 0",CNG_TP159_Financials_ClaimCard_v1 1-1,,true,18824,10,10,0
1471404599911,210,CNG_TP159_A_Launch_Browser,200,"Number of samples in transaction : 1, number of failing samples : 0",CNG_TP159_Financials_ClaimCard_v1 1-4,,true,13089,10,10,0
1471404599756,413,CNG_TP159_Q_Return_To_Claim_Summary,200,"Number of samples in transaction : 1, number of failing samples : 0",CNG_TP159_Financials_ClaimCard_v1 1-10,,true,42582,10,10,0
1471404600181,228,CNG_TP159_R_Return_To_Desktop,200,"Number of samples in transaction : 1, number of failing samples : 0",CNG_TP159_Financials_ClaimCard_v1 1-10,,true,20071,10,10,0
1471404600132,360,CNG_TP159_J_Select_Link_To_New_Card,200,"Number of samples in transaction : 1, number of failing samples : 0",CNG_TP159_Financials_ClaimCard_v1 1-1,,true,18203,10,10,0
1471404600425,301,CNG_TP159_S_Logout,200,"Number of samples in transaction : 2, number of failing samples : 0",CNG_TP159_Financials_ClaimCard_v1 1-10,,true,1997,10,10,0
1471404600777,295,CNG_TP159_A_Launch_Browser,200,"Number of samples in transaction : 1, number of failing samples : 0",CNG_TP159_Financials_ClaimCard_v1 1-10,,true,13089,10,10,0
1471404600649,581,CNG_TP159_K_Next_To_Claims_Card_Instructions,200,"Number of samples in transaction : 1, number of failing samples : 0",CNG_TP159_Financials_ClaimCard_v1 1-1,,true,22880,10,10,0
1471404592856,8510,CNG_TP159_B_Login,200,"Number of samples in transaction : 1, number of failing samples : 0",CNG_TP159_Financials_ClaimCard_v1 1-9,,true,2290732,10,10,0
1471404601433,674,CNG_TP159_C_Go_To_Claim_Summary,200,"Number of samples in transaction : 1, number of failing samples : 0",CNG_TP159_Financials_ClaimCard_v1 1-9,,true,40975,10,10,0
1471404592012,10167,CNG_TP159_B_Login,200,"Number of samples in transaction : 1, number of failing samples : 0",CNG_TP159_Financials_ClaimCard_v1 1-7,,true,2266934,10,10,0
1471404598651,3662,CNG_TP159_B_Login,200,"Number of samples in transaction : 1, number of failing samples : 0",CNG_TP159_Financials_ClaimCard_v1 1-2,,true,2266924,10,10,0
1471404592588,9930,CNG_TP159_B_Login,200,"Number of samples in transaction : 1, number of failing samples : 0",CNG_TP159_Financials_ClaimCard_v1 1-8,,true,2299037,10,10,0
1471404602144,528,CNG_TP159_D_Actions_Claim_Card,200,"Number of samples in transaction : 2, number of failing samples : 0",CNG_TP159_Financials_ClaimCard_v1 1-9,,true,35094,10,10,0
1471404602409,582,CNG_TP159_C_Go_To_Claim_Summary,200,"Number of samples in transaction : 1, number of failing samples : 0",CNG_TP159_Financials_ClaimCard_v1 1-2,,true,37342,10,10,0
1471404602752,271,CNG_TP159_E_Select_Reserve_Line,200,"Number of samples in transaction : 1, number of failing samples : 0",CNG_TP159_Financials_ClaimCard_v1 1-9,,true,15548,10,10,0
1471404602244,923,CNG_TP159_C_Go_To_Claim_Summary,200,"Number of samples in transaction : 1, number of failing samples : 0",CNG_TP159_Financials_ClaimCard_v1 1-7,,true,43335,10,10,0
1471404598259,4928,CNG_TP159_B_Login,200,"Number of samples in transaction : 1, number of failing samples : 0",CNG_TP159_Financials_ClaimCard_v1 1-6,,true,2294312,10,10,0
1471404603087,285,CNG_TP159_G_Enter_Payment_Amount,200,"Number of samples in transaction : 1, number of failing samples : 0",CNG_TP159_Financials_ClaimCard_v1 1-9,,true,4045,10,10,0
1471404602674,735,CNG_TP159_C_Go_To_Claim_Summary,200,"Number of samples in transaction : 1, number of failing samples : 0",CNG_TP159_Financials_ClaimCard_v1 1-8,,true,43048,10,10,0
1471404603020,548,CNG_TP159_D_Actions_Claim_Card,200,"Number of samples in transaction : 2, number of failing samples : 0",CNG_TP159_Financials_ClaimCard_v1 1-2,,true,35284,10,10,0
1471404603467,291,CNG_TP159_H_Next_To_Payee_Info,200,"Number of samples in transaction : 1, number of failing samples : 0",CNG_TP159_Financials_ClaimCard_v1 1-9,,true,10319,10,10,0
1471404599047,4712,CNG_TP159_M_Click_Finish,200,"Number of samples in transaction : 1, number of failing samples : 0",CNG_TP159_Financials_ClaimCard_v1 1-3,,true,9580,10,10,0
1471404603308,632,CNG_TP159_C_Go_To_Claim_Summary,200,"Number of samples in transaction : 1, number of failing samples : 0",CNG_TP159_Financials_ClaimCard_v1 1-6,,true,35072,10,10,0
1471404603628,315,CNG_TP159_E_Select_Reserve_Line,200,"Number of samples in transaction : 1, number of failing samples : 0",CNG_TP159_Financials_ClaimCard_v1 1-2,,true,21224,10,10,0
1471404603959,270,CNG_TP159_I_Select_Payee_Type,200,"Number of samples in transaction : 1, number of failing samples : 0",CNG_TP159_Financials_ClaimCard_v1 1-9,,true,18972,10,10,0
1471404604026,288,CNG_TP159_G_Enter_Payment_Amount,200,"Number of samples in transaction : 1, number of failing samples : 0",CNG_TP159_Financials_ClaimCard_v1 1-2,,true,6429,10,10,0
1471404603467,998,CNG_TP159_D_Actions_Claim_Card,200,"Number of samples in transaction : 2, number of failing samples : 0",CNG_TP159_Financials_ClaimCard_v1 1-8,,true,36230,10,10,0
1471404604021,475,CNG_TP159_D_Actions_Claim_Card,200,"Number of samples in transaction : 2, number of failing samples : 0",CNG_TP159_Financials_ClaimCard_v1 1-6,,true,31761,10,10,0
1471404604021,515,CNG_TP159_P_View_Payment,200,"Number of samples in transaction : 1, number of failing samples : 0",CNG_TP159_Financials_ClaimCard_v1 1-3,,true,29517,10,10,0
1471404600136,4483,CNG_TP159_B_Login,200,"Number of samples in transaction : 1, number of failing samples : 0",CNG_TP159_Financials_ClaimCard_v1 1-4,,true,2266912,10,10,0
1471404604423,288,CNG_TP159_J_Select_Link_To_New_Card,200,"Number of samples in transaction : 1, number of failing samples : 0",CNG_TP159_Financials_ClaimCard_v1 1-9,,true,18352,10,10,0
1471404604423,315,CNG_TP159_H_Next_To_Payee_Info,200,"Number of samples in transaction : 1, number of failing samples : 0",CNG_TP159_Financials_ClaimCard_v1 1-2,,true,10171,10,10,0
1471404594889,9867,CNG_TP159_M_Click_Finish,200,"Number of samples in transaction : 1, number of failing samples : 0",CNG_TP159_Financials_ClaimCard_v1 1-5,,true,10069,10,10,0
1471404604565,295,CNG_TP159_E_Select_Reserve_Line,200,"Number of samples in transaction : 1, number of failing samples : 0",CNG_TP159_Financials_ClaimCard_v1 1-6,,true,23696,10,10,0
1471404604565,336,CNG_TP159_E_Select_Reserve_Line,200,"Number of samples in transaction : 1, number of failing samples : 0",CNG_TP159_Financials_ClaimCard_v1 1-8,,true,15721,10,10,0
1471404604565,433,CNG_TP159_Q_Return_To_Claim_Summary,200,"Number of samples in transaction : 1, number of failing samples : 0",CNG_TP159_Financials_ClaimCard_v1 1-3,,true,45728,10,10,0
1471404603306,1795,CNG_TP159_D_Actions_Claim_Card,200,"Number of samples in transaction : 2, number of failing samples : 0",CNG_TP159_Financials_ClaimCard_v1 1-7,,true,36706,10,10,0
1471404605119,238,CNG_TP159_G_Enter_Payment_Amount,200,"Number of samples in transaction : 1, number of failing samples : 0",CNG_TP159_Financials_ClaimCard_v1 1-6,,true,6612,10,10,0
1471404601112,4248,CNG_TP159_B_Login,200,"Number of samples in transaction : 1, number of failing samples : 0",CNG_TP159_Financials_ClaimCard_v1 1-10,,true,2299358,10,10,0
1471404605114,280,CNG_TP159_I_Select_Payee_Type,200,"Number of samples in transaction : 1, number of failing samples : 0",CNG_TP159_Financials_ClaimCard_v1 1-2,,true,18840,10,10,0
1471404605150,311,CNG_TP159_G_Enter_Payment_Amount,200,"Number of samples in transaction : 1, number of failing samples : 0",CNG_TP159_Financials_ClaimCard_v1 1-8,,true,4459,10,10,0
1471404605150,338,CNG_TP159_E_Select_Reserve_Line,200,"Number of samples in transaction : 1, number of failing samples : 0",CNG_TP159_Financials_ClaimCard_v1 1-7,,true,16592,10,10,0
1471404604994,514,CNG_TP159_K_Next_To_Claims_Card_Instructions,200,"Number of samples in transaction : 1, number of failing samples : 0",CNG_TP159_Financials_ClaimCard_v1 1-9,,true,24785,10,10,0
1471404601315,4162,CNG_TP159_M_Click_Finish,200,"Number of samples in transaction : 1, number of failing samples : 0",CNG_TP159_Financials_ClaimCard_v1 1-1,,true,8600,10,10,0
1471404605150,408,CNG_TP159_R_Return_To_Desktop,200,"Number of samples in transaction : 1, number of failing samples : 0",CNG_TP159_Financials_ClaimCard_v1 1-3,,true,46791,10,10,0
1471404605114,477,CNG_TP159_P_View_Payment,200,"Number of samples in transaction : 1, number of failing samples : 0",CNG_TP159_Financials_ClaimCard_v1 1-5,,true,28020,10,10,0
1471404605583,259,CNG_TP159_H_Next_To_Payee_Info,200,"Number of samples in transaction : 1, number of failing samples : 0",CNG_TP159_Financials_ClaimCard_v1 1-6,,true,13162,10,10,0
1471404605814,444,CNG_TP159_S_Logout,200,"Number of samples in transaction : 2, number of failing samples : 0",CNG_TP159_Financials_ClaimCard_v1 1-3,,true,1997,10,10,0
1471404605807,486,CNG_TP159_J_Select_Link_To_New_Card,200,"Number of samples in transaction : 1, number of failing samples : 0",CNG_TP159_Financials_ClaimCard_v1 1-2,,true,18216,9,9,0
1471404605807,493,CNG_TP159_H_Next_To_Payee_Info,200,"Number of samples in transaction : 1, number of failing samples : 0",CNG_TP159_Financials_ClaimCard_v1 1-8,,true,9903,9,9,0
1471404604849,1931,CNG_TP159_C_Go_To_Claim_Summary,200,"Number of samples in transaction : 1, number of failing samples : 0",CNG_TP159_Financials_ClaimCard_v1 1-4,,true,49567,9,9,0
1471404605814,1288,CNG_TP159_Q_Return_To_Claim_Summary,200,"Number of samples in transaction : 1, number of failing samples : 0",CNG_TP159_Financials_ClaimCard_v1 1-5,,true,51302,9,9,0
1471404606450,670,CNG_TP159_K_Next_To_Claims_Card_Instructions,200,"Number of samples in transaction : 1, number of failing samples : 0",CNG_TP159_Financials_ClaimCard_v1 1-2,,true,24671,9,9,0
1471404605952,1225,CNG_TP159_I_Select_Payee_Type,200,"Number of samples in transaction : 1, number of failing samples : 0",CNG_TP159_Financials_ClaimCard_v1 1-6,,true,21815,9,9,0
1471404605806,1419,CNG_TP159_C_Go_To_Claim_Summary,200,"Number of samples in transaction : 1, number of failing samples : 0",CNG_TP159_Financials_ClaimCard_v1 1-10,,true,34573,9,9,0
1471404607123,182,CNG_TP159_R_Return_To_Desktop,200,"Number of samples in transaction : 1, number of failing samples : 0",CNG_TP159_Financials_ClaimCard_v1 1-5,,true,16544,9,9,0
1471404606843,694,CNG_TP159_D_Actions_Claim_Card,200,"Number of samples in transaction : 2, number of failing samples : 0",CNG_TP159_Financials_ClaimCard_v1 1-4,,true,36415,9,9,0
1471404607310,247,CNG_TP159_S_Logout,200,"Number of samples in transaction : 2, number of failing samples : 0",CNG_TP159_Financials_ClaimCard_v1 1-5,,true,1997,9,9,0
1471404605814,1784,CNG_TP159_P_View_Payment,200,"Number of samples in transaction : 1, number of failing samples : 0",CNG_TP159_Financials_ClaimCard_v1 1-1,,true,28427,9,9,0
1471404607306,464,CNG_TP159_D_Actions_Claim_Card,200,"Number of samples in transaction : 2, number of failing samples : 0",CNG_TP159_Financials_ClaimCard_v1 1-10,,true,34150,9,9,0
1471404605812,2017,CNG_TP159_G_Enter_Payment_Amount,200,"Number of samples in transaction : 1, number of failing samples : 0",CNG_TP159_Financials_ClaimCard_v1 1-7,,true,4627,9,9,0
1471404607624,208,CNG_TP159_A_Launch_Browser,200,"Number of samples in transaction : 1, number of failing samples : 0",CNG_TP159_Financials_ClaimCard_v1 1-5,,true,13089,9,9,0
1471404607305,589,CNG_TP159_J_Select_Link_To_New_Card,200,"Number of samples in transaction : 1, number of failing samples : 0",CNG_TP159_Financials_ClaimCard_v1 1-6,,true,21193,9,9,0
1471404607622,428,CNG_TP159_Q_Return_To_Claim_Summary,200,"Number of samples in transaction : 1, number of failing samples : 0",CNG_TP159_Financials_ClaimCard_v1 1-1,,true,37430,9,9,0
1471404607622,430,CNG_TP159_E_Select_Reserve_Line,200,"Number of samples in transaction : 1, number of failing samples : 0",CNG_TP159_Financials_ClaimCard_v1 1-4,,true,15543,9,9,0
1471404607934,316,CNG_TP159_E_Select_Reserve_Line,200,"Number of samples in transaction : 1, number of failing samples : 0",CNG_TP159_Financials_ClaimCard_v1 1-10,,true,20820,9,9,0
1471404608148,136,CNG_TP159_R_Return_To_Desktop,200,"Number of samples in transaction : 1, number of failing samples : 0",CNG_TP159_Financials_ClaimCard_v1 1-1,,true,13684,9,9,0
1471404608051,309,CNG_TP159_H_Next_To_Payee_Info,200,"Number of samples in transaction : 1, number of failing samples : 0",CNG_TP159_Financials_ClaimCard_v1 1-7,,true,10608,9,9,0
1471404606450,1989,CNG_TP159_I_Select_Payee_Type,200,"Number of samples in transaction : 1, number of failing samples : 0",CNG_TP159_Financials_ClaimCard_v1 1-8,,true,18540,9,9,0
1471404608203,318,CNG_TP159_G_Enter_Payment_Amount,200,"Number of samples in transaction : 1, number of failing samples : 0",CNG_TP159_Financials_ClaimCard_v1 1-4,,true,4049,9,9,0
1471404608439,171,CNG_TP159_S_Logout,200,"Number of samples in transaction : 2, number of failing samples : 0",CNG_TP159_Financials_ClaimCard_v1 1-1,,true,1997,9,9,0
1471404608172,473,CNG_TP159_K_Next_To_Claims_Card_Instructions,200,"Number of samples in transaction : 1, number of failing samples : 0",CNG_TP159_Financials_ClaimCard_v1 1-6,,true,25161,8,8,0
1471404608438,236,CNG_TP159_G_Enter_Payment_Amount,200,"Number of samples in transaction : 1, number of failing samples : 0",CNG_TP159_Financials_ClaimCard_v1 1-10,,true,5653,8,8,0
1471404608439,309,CNG_TP159_I_Select_Payee_Type,200,"Number of samples in transaction : 1, number of failing samples : 0",CNG_TP159_Financials_ClaimCard_v1 1-7,,true,19258,8,8,0
1471404608499,281,CNG_TP159_J_Select_Link_To_New_Card,200,"Number of samples in transaction : 1, number of failing samples : 0",CNG_TP159_Financials_ClaimCard_v1 1-8,,true,17920,8,8,0
1471404608596,322,CNG_TP159_H_Next_To_Payee_Info,200,"Number of samples in transaction : 1, number of failing samples : 0",CNG_TP159_Financials_ClaimCard_v1 1-4,,true,10316,8,8,0
1471404608908,237,CNG_TP159_H_Next_To_Payee_Info,200,"Number of samples in transaction : 1, number of failing samples : 0",CNG_TP159_Financials_ClaimCard_v1 1-10,,true,12126,8,8,0
1471404608909,336,CNG_TP159_J_Select_Link_To_New_Card,200,"Number of samples in transaction : 1, number of failing samples : 0",CNG_TP159_Financials_ClaimCard_v1 1-7,,true,18636,8,8,0
1471404609033,357,CNG_TP159_I_Select_Payee_Type,200,"Number of samples in transaction : 1, number of failing samples : 0",CNG_TP159_Financials_ClaimCard_v1 1-4,,true,19030,8,8,0
1471404609318,264,CNG_TP159_I_Select_Payee_Type,200,"Number of samples in transaction : 1, number of failing samples : 0",CNG_TP159_Financials_ClaimCard_v1 1-10,,true,20780,8,8,0
1471404608909,780,CNG_TP159_K_Next_To_Claims_Card_Instructions,200,"Number of samples in transaction : 1, number of failing samples : 0",CNG_TP159_Financials_ClaimCard_v1 1-8,,true,37343,8,8,0
1471404609318,461,CNG_TP159_K_Next_To_Claims_Card_Instructions,200,"Number of samples in transaction : 1, number of failing samples : 0",CNG_TP159_Financials_ClaimCard_v1 1-7,,true,22653,8,8,0
1471404609465,330,CNG_TP159_J_Select_Link_To_New_Card,200,"Number of samples in transaction : 1, number of failing samples : 0",CNG_TP159_Financials_ClaimCard_v1 1-4,,true,18408,8,8,0
1471404605813,4100,CNG_TP159_M_Click_Finish,200,"Number of samples in transaction : 1, number of failing samples : 0",CNG_TP159_Financials_ClaimCard_v1 1-9,,true,5766,8,8,0
1471404609665,268,CNG_TP159_J_Select_Link_To_New_Card,200,"Number of samples in transaction : 1, number of failing samples : 0",CNG_TP159_Financials_ClaimCard_v1 1-10,,true,20157,8,8,0
1471404608051,2034,CNG_TP159_B_Login,200,"Number of samples in transaction : 1, number of failing samples : 0",CNG_TP159_Financials_ClaimCard_v1 1-5,,true,2266934,8,8,0
1471404608786,4886,CNG_TP159_M_Click_Finish,200,"Number of samples in transaction : 1, number of failing samples : 0",CNG_TP159_Financials_ClaimCard_v1 1-6,,true,9711,8,8,0
1471404607305,6803,CNG_TP159_M_Click_Finish,200,"Number of samples in transaction : 1, number of failing samples : 0",CNG_TP159_Financials_ClaimCard_v1 1-2,,true,8623,8,8,0
1471404613742,421,CNG_TP159_P_View_Payment,200,"Number of samples in transaction : 1, number of failing samples : 0",CNG_TP159_Financials_ClaimCard_v1 1-6,,true,29472,8,8,0
1471404610030,4152,CNG_TP159_P_View_Payment,200,"Number of samples in transaction : 1, number of failing samples : 0",CNG_TP159_Financials_ClaimCard_v1 1-9,,true,26509,8,8,0
1471404609763,5627,CNG_TP159_M_Click_Finish,200,"Number of samples in transaction : 1, number of failing samples : 0",CNG_TP159_Financials_ClaimCard_v1 1-8,,true,8274,8,8,0
1471404614172,1307,CNG_TP159_P_View_Payment,200,"Number of samples in transaction : 1, number of failing samples : 0",CNG_TP159_Financials_ClaimCard_v1 1-2,,true,28362,8,8,0
1471404609941,5518,CNG_TP159_M_Click_Finish,200,"Number of samples in transaction : 1, number of failing samples : 0",CNG_TP159_Financials_ClaimCard_v1 1-7,,true,6084,8,8,0
1471404614172,1333,CNG_TP159_Q_Return_To_Claim_Summary,200,"Number of samples in transaction : 1, number of failing samples : 0",CNG_TP159_Financials_ClaimCard_v1 1-9,,true,40626,8,8,0
1471404615529,269,CNG_TP159_R_Return_To_Desktop,200,"Number of samples in transaction : 1, number of failing samples : 0",CNG_TP159_Financials_ClaimCard_v1 1-9,,true,32662,8,8,0
1471404615529,341,CNG_TP159_Q_Return_To_Claim_Summary,200,"Number of samples in transaction : 1, number of failing samples : 0",CNG_TP159_Financials_ClaimCard_v1 1-2,,true,38847,8,8,0
1471404615528,389,CNG_TP159_P_View_Payment,200,"Number of samples in transaction : 1, number of failing samples : 0",CNG_TP159_Financials_ClaimCard_v1 1-7,,true,27006,8,8,0
1471404615874,91,CNG_TP159_R_Return_To_Desktop,200,"Number of samples in transaction : 1, number of failing samples : 0",CNG_TP159_Financials_ClaimCard_v1 1-2,,true,13678,8,8,0
1471404615802,169,CNG_TP159_S_Logout,200,"Number of samples in transaction : 2, number of failing samples : 0",CNG_TP159_Financials_ClaimCard_v1 1-9,,true,1997,8,8,0
1471404614172,1809,CNG_TP159_Q_Return_To_Claim_Summary,200,"Number of samples in transaction : 1, number of failing samples : 0",CNG_TP159_Financials_ClaimCard_v1 1-6,,true,34723,7,7,0
1471404615970,163,CNG_TP159_S_Logout,200,"Number of samples in transaction : 2, number of failing samples : 0",CNG_TP159_Financials_ClaimCard_v1 1-2,,true,1997,7,7,0
1471404616037,240,CNG_TP159_R_Return_To_Desktop,200,"Number of samples in transaction : 1, number of failing samples : 0",CNG_TP159_Financials_ClaimCard_v1 1-6,,true,41058,6,6,0
1471404615922,366,CNG_TP159_Q_Return_To_Claim_Summary,200,"Number of samples in transaction : 1, number of failing samples : 0",CNG_TP159_Financials_ClaimCard_v1 1-7,,true,42986,6,6,0
1471404616293,92,CNG_TP159_R_Return_To_Desktop,200,"Number of samples in transaction : 1, number of failing samples : 0",CNG_TP159_Financials_ClaimCard_v1 1-7,,true,8871,6,6,0
1471404616283,166,CNG_TP159_S_Logout,200,"Number of samples in transaction : 2, number of failing samples : 0",CNG_TP159_Financials_ClaimCard_v1 1-6,,true,1997,6,6,0
1471404615466,1042,CNG_TP159_P_View_Payment,200,"Number of samples in transaction : 1, number of failing samples : 0",CNG_TP159_Financials_ClaimCard_v1 1-8,,true,27666,5,5,0
1471404616389,166,CNG_TP159_S_Logout,200,"Number of samples in transaction : 2, number of failing samples : 0",CNG_TP159_Financials_ClaimCard_v1 1-7,,true,1997,5,5,0
1471404616515,288,CNG_TP159_Q_Return_To_Claim_Summary,200,"Number of samples in transaction : 1, number of failing samples : 0",CNG_TP159_Financials_ClaimCard_v1 1-8,,true,44554,4,4,0
1471404609986,8148,CNG_TP159_K_Next_To_Claims_Card_Instructions,200,"Number of samples in transaction : 1, number of failing samples : 0",CNG_TP159_Financials_ClaimCard_v1 1-4,,true,23452,4,4,0
1471404610030,8108,CNG_TP159_K_Next_To_Claims_Card_Instructions,200,"Number of samples in transaction : 1, number of failing samples : 0",CNG_TP159_Financials_ClaimCard_v1 1-10,,true,25334,4,4,0
1471404616808,1595,CNG_TP159_R_Return_To_Desktop,200,"Number of samples in transaction : 1, number of failing samples : 0",CNG_TP159_Financials_ClaimCard_v1 1-8,,true,45776,4,4,0
1471404618407,175,CNG_TP159_S_Logout,200,"Number of samples in transaction : 2, number of failing samples : 0",CNG_TP159_Financials_ClaimCard_v1 1-8,,true,1997,4,4,0
1471404618590,162,CNG_TP159_A_Launch_Browser,200,"Number of samples in transaction : 1, number of failing samples : 0",CNG_TP159_Financials_ClaimCard_v1 1-8,,true,13089,4,4,0
1471404610217,9176,CNG_TP159_C_Go_To_Claim_Summary,200,"Number of samples in transaction : 1, number of failing samples : 0",CNG_TP159_Financials_ClaimCard_v1 1-5,,true,44873,4,4,0
1471404619411,767,CNG_TP159_D_Actions_Claim_Card,200,"Number of samples in transaction : 2, number of failing samples : 0",CNG_TP159_Financials_ClaimCard_v1 1-5,,true,36374,4,4,0
1471404620249,371,CNG_TP159_E_Select_Reserve_Line,200,"Number of samples in transaction : 1, number of failing samples : 0",CNG_TP159_Financials_ClaimCard_v1 1-5,,true,15818,4,4,0
1471404620760,324,CNG_TP159_G_Enter_Payment_Amount,200,"Number of samples in transaction : 1, number of failing samples : 0",CNG_TP159_Financials_ClaimCard_v1 1-5,,true,4490,4,4,0
1471404621196,335,CNG_TP159_H_Next_To_Payee_Info,200,"Number of samples in transaction : 1, number of failing samples : 0",CNG_TP159_Financials_ClaimCard_v1 1-5,,true,10201,4,4,0
1471404618764,2792,CNG_TP159_B_Login,200,"Number of samples in transaction : 1, number of failing samples : 0",CNG_TP159_Financials_ClaimCard_v1 1-8,,true,2284921,4,4,0
1471404621735,370,CNG_TP159_I_Select_Payee_Type,200,"Number of samples in transaction : 1, number of failing samples : 0",CNG_TP159_Financials_ClaimCard_v1 1-5,,true,18884,4,4,0
1471404618244,5340,CNG_TP159_M_Click_Finish,200,"Number of samples in transaction : 1, number of failing samples : 0",CNG_TP159_Financials_ClaimCard_v1 1-10,,true,8571,4,4,0
1471404623701,694,CNG_TP159_P_View_Payment,200,"Number of samples in transaction : 1, number of failing samples : 0",CNG_TP159_Financials_ClaimCard_v1 1-10,,true,25914,4,4,0
1471404621735,4994,CNG_TP159_C_Go_To_Claim_Summary,200,"Number of samples in transaction : 1, number of failing samples : 0",CNG_TP159_Financials_ClaimCard_v1 1-8,,true,37189,4,4,0
1471404624428,5561,CNG_TP159_Q_Return_To_Claim_Summary,200,"Number of samples in transaction : 1, number of failing samples : 0",CNG_TP159_Financials_ClaimCard_v1 1-10,,true,34224,4,4,0
1471404626838,3188,CNG_TP159_D_Actions_Claim_Card,200,"Number of samples in transaction : 2, number of failing samples : 0",CNG_TP159_Financials_ClaimCard_v1 1-8,,true,35332,4,4,0
1471404622216,7929,CNG_TP159_J_Select_Link_To_New_Card,200,"Number of samples in transaction : 1, number of failing samples : 0",CNG_TP159_Financials_ClaimCard_v1 1-5,,true,18259,4,4,0
1471404630022,344,CNG_TP159_R_Return_To_Desktop,200,"Number of samples in transaction : 1, number of failing samples : 0",CNG_TP159_Financials_ClaimCard_v1 1-10,,true,44253,4,4,0
1471404630130,361,CNG_TP159_E_Select_Reserve_Line,200,"Number of samples in transaction : 1, number of failing samples : 0",CNG_TP159_Financials_ClaimCard_v1 1-8,,true,20352,4,4,0
1471404630397,222,CNG_TP159_S_Logout,200,"Number of samples in transaction : 2, number of failing samples : 0",CNG_TP159_Financials_ClaimCard_v1 1-10,,true,1997,4,4,0
1471404630612,321,CNG_TP159_G_Enter_Payment_Amount,200,"Number of samples in transaction : 1, number of failing samples : 0",CNG_TP159_Financials_ClaimCard_v1 1-8,,true,5178,3,3,0
1471404631085,283,CNG_TP159_H_Next_To_Payee_Info,200,"Number of samples in transaction : 1, number of failing samples : 0",CNG_TP159_Financials_ClaimCard_v1 1-8,,true,12213,3,3,0
1471404630273,1109,CNG_TP159_K_Next_To_Claims_Card_Instructions,200,"Number of samples in transaction : 1, number of failing samples : 0",CNG_TP159_Financials_ClaimCard_v1 1-5,,true,22321,3,3,0
1471404618244,13168,CNG_TP159_M_Click_Finish,200,"Number of samples in transaction : 1, number of failing samples : 0",CNG_TP159_Financials_ClaimCard_v1 1-4,,true,8707,3,3,0
1471404631558,2073,CNG_TP159_I_Select_Payee_Type,200,"Number of samples in transaction : 1, number of failing samples : 0",CNG_TP159_Financials_ClaimCard_v1 1-8,,true,20855,3,3,0
1471404633732,1862,CNG_TP159_J_Select_Link_To_New_Card,200,"Number of samples in transaction : 1, number of failing samples : 0",CNG_TP159_Financials_ClaimCard_v1 1-8,,true,20233,3,3,0
1471404631559,4152,CNG_TP159_P_View_Payment,200,"Number of samples in transaction : 1, number of failing samples : 0",CNG_TP159_Financials_ClaimCard_v1 1-4,,true,27712,3,3,0
1471404635733,2000,CNG_TP159_Q_Return_To_Claim_Summary,200,"Number of samples in transaction : 1, number of failing samples : 0",CNG_TP159_Financials_ClaimCard_v1 1-4,,true,49218,3,3,0
1471404637751,111,CNG_TP159_R_Return_To_Desktop,200,"Number of samples in transaction : 1, number of failing samples : 0",CNG_TP159_Financials_ClaimCard_v1 1-4,,true,11811,3,3,0
1471404637875,244,CNG_TP159_S_Logout,200,"Number of samples in transaction : 2, number of failing samples : 0",CNG_TP159_Financials_ClaimCard_v1 1-4,,true,1997,3,3,0
1471404635700,2506,CNG_TP159_K_Next_To_Claims_Card_Instructions,200,"Number of samples in transaction : 1, number of failing samples : 0",CNG_TP159_Financials_ClaimCard_v1 1-8,,true,24276,2,2,0
1471404631559,8363,CNG_TP159_M_Click_Finish,200,"Number of samples in transaction : 1, number of failing samples : 0",CNG_TP159_Financials_ClaimCard_v1 1-5,,true,8593,2,2,0
1471404640041,2318,CNG_TP159_P_View_Payment,200,"Number of samples in transaction : 1, number of failing samples : 0",CNG_TP159_Financials_ClaimCard_v1 1-5,,true,27832,2,2,0
1471404638282,5955,CNG_TP159_M_Click_Finish,200,"Number of samples in transaction : 1, number of failing samples : 0",CNG_TP159_Financials_ClaimCard_v1 1-8,,true,8623,2,2,0
1471404642372,1931,CNG_TP159_Q_Return_To_Claim_Summary,200,"Number of samples in transaction : 1, number of failing samples : 0",CNG_TP159_Financials_ClaimCard_v1 1-5,,true,44524,2,2,0
1471404644302,98,CNG_TP159_R_Return_To_Desktop,200,"Number of samples in transaction : 1, number of failing samples : 0",CNG_TP159_Financials_ClaimCard_v1 1-5,,true,11830,2,2,0
1471404644416,243,CNG_TP159_S_Logout,200,"Number of samples in transaction : 2, number of failing samples : 0",CNG_TP159_Financials_ClaimCard_v1 1-5,,true,1997,2,2,0
1471404644282,529,CNG_TP159_P_View_Payment,200,"Number of samples in transaction : 1, number of failing samples : 0",CNG_TP159_Financials_ClaimCard_v1 1-8,,true,27988,1,1,0
1471404644836,2480,CNG_TP159_Q_Return_To_Claim_Summary,200,"Number of samples in transaction : 1, number of failing samples : 0",CNG_TP159_Financials_ClaimCard_v1 1-8,,true,38692,1,1,0
1471404647334,1241,CNG_TP159_R_Return_To_Desktop,200,"Number of samples in transaction : 1, number of failing samples : 0",CNG_TP159_Financials_ClaimCard_v1 1-8,,true,31665,1,1,0
1471404648608,202,CNG_TP159_S_Logout,200,"Number of samples in transaction : 2, number of failing samples : 0",CNG_TP159_Financials_ClaimCard_v1 1-8,,true,1997,1,1,0
