1469632924195,121,TP61_010_EService_ClaimService_Get_Financial,404,"Number of samples in transaction : 1, number of failing samples : 1",CNG_TP61_EService_Get_Financial 1-1,,false,306,1,1,0
1469632931383,104,TP61_010_EService_ClaimService_Get_Financial,404,"Number of samples in transaction : 1, number of failing samples : 1",CNG_TP61_EService_Get_Financial 1-1,,false,306,1,1,0
1469634491192,1177,TP61_010_EService_ClaimService_Get_Financial,200,"Number of samples in transaction : 1, number of failing samples : 0",CNG_TP61_EService_Get_Financial 1-1,,true,52798,1,1,0
1469634563279,187,TP61_010_EService_ClaimService_Get_Financial,200,"Number of samples in transaction : 1, number of failing samples : 0",CNG_TP61_EService_Get_Financial 1-1,,true,1156,1,1,0
1469634563479,133,TP61_010_EService_ClaimService_Get_Financial,200,"Number of samples in transaction : 1, number of failing samples : 0",CNG_TP61_EService_Get_Financial 1-1,,true,1155,1,1,0
1469634563626,153,TP61_010_EService_ClaimService_Get_Financial,200,"Number of samples in transaction : 1, number of failing samples : 0",CNG_TP61_EService_Get_Financial 1-1,,true,1155,1,1,0
1469634563788,126,TP61_010_EService_ClaimService_Get_Financial,200,"Number of samples in transaction : 1, number of failing samples : 0",CNG_TP61_EService_Get_Financial 1-1,,true,1155,1,1,0
1469634563918,1421,TP61_010_EService_ClaimService_Get_Financial,200,"Number of samples in transaction : 1, number of failing samples : 0",CNG_TP61_EService_Get_Financial 1-1,,true,1155,1,1,0
1469634584570,258,TP61_010_EService_ClaimService_Get_Financial,200,"Number of samples in transaction : 1, number of failing samples : 0",CNG_TP61_EService_Get_Financial 1-1,,true,1156,1,1,0
1469634584836,123,TP61_010_EService_ClaimService_Get_Financial,200,"Number of samples in transaction : 1, number of failing samples : 0",CNG_TP61_EService_Get_Financial 1-1,,true,1155,1,1,0
1469634584969,215,TP61_010_EService_ClaimService_Get_Financial,200,"Number of samples in transaction : 1, number of failing samples : 0",CNG_TP61_EService_Get_Financial 1-1,,true,1155,1,1,0
1469634585201,308,TP61_010_EService_ClaimService_Get_Financial,200,"Number of samples in transaction : 1, number of failing samples : 0",CNG_TP61_EService_Get_Financial 1-1,,true,1155,1,1,0
1469634585513,205,TP61_010_EService_ClaimService_Get_Financial,200,"Number of samples in transaction : 1, number of failing samples : 0",CNG_TP61_EService_Get_Financial 1-1,,true,1155,1,1,0
1469634620167,6,TP61_010_EService_ClaimService_Get_Financial,Non HTTP response code: java.lang.IllegalArgumentException,"Number of samples in transaction : 1, number of failing samples : 1",CNG_TP61_EService_Get_Financial 1-3,,false,1086,5,5,0
1469634620173,17,TP61_010_EService_ClaimService_Get_Financial,Non HTTP response code: java.lang.IllegalArgumentException,"Number of samples in transaction : 1, number of failing samples : 1",CNG_TP61_EService_Get_Financial 1-5,,false,1086,5,5,0
1469634620155,13,TP61_010_EService_ClaimService_Get_Financial,Non HTTP response code: java.lang.IllegalArgumentException,"Number of samples in transaction : 1, number of failing samples : 1",CNG_TP61_EService_Get_Financial 1-2,,false,1086,5,5,0
1469634620178,0,TP61_010_EService_ClaimService_Get_Financial,Non HTTP response code: java.lang.IllegalArgumentException,"Number of samples in transaction : 1, number of failing samples : 1",CNG_TP61_EService_Get_Financial 1-4,,false,1086,5,5,0
1469634620194,0,TP61_010_EService_ClaimService_Get_Financial,Non HTTP response code: java.lang.IllegalArgumentException,"Number of samples in transaction : 1, number of failing samples : 1",CNG_TP61_EService_Get_Financial 1-3,,false,1086,5,5,0
1469634620202,0,TP61_010_EService_ClaimService_Get_Financial,Non HTTP response code: java.lang.IllegalArgumentException,"Number of samples in transaction : 1, number of failing samples : 1",CNG_TP61_EService_Get_Financial 1-4,,false,1086,5,5,0
1469634620200,0,TP61_010_EService_ClaimService_Get_Financial,Non HTTP response code: java.lang.IllegalArgumentException,"Number of samples in transaction : 1, number of failing samples : 1",CNG_TP61_EService_Get_Financial 1-2,,false,1086,5,5,0
1469634620200,1,TP61_010_EService_ClaimService_Get_Financial,Non HTTP response code: java.lang.IllegalArgumentException,"Number of samples in transaction : 1, number of failing samples : 1",CNG_TP61_EService_Get_Financial 1-5,,false,1086,5,5,0
1469634620211,0,TP61_010_EService_ClaimService_Get_Financial,Non HTTP response code: java.lang.IllegalArgumentException,"Number of samples in transaction : 1, number of failing samples : 1",CNG_TP61_EService_Get_Financial 1-4,,false,1086,5,5,0
1469634620214,0,TP61_010_EService_ClaimService_Get_Financial,Non HTTP response code: java.lang.IllegalArgumentException,"Number of samples in transaction : 1, number of failing samples : 1",CNG_TP61_EService_Get_Financial 1-5,,false,1086,5,5,0
1469634620210,0,TP61_010_EService_ClaimService_Get_Financial,Non HTTP response code: java.lang.IllegalArgumentException,"Number of samples in transaction : 1, number of failing samples : 1",CNG_TP61_EService_Get_Financial 1-3,,false,1086,5,5,0
1469634620214,0,TP61_010_EService_ClaimService_Get_Financial,Non HTTP response code: java.lang.IllegalArgumentException,"Number of samples in transaction : 1, number of failing samples : 1",CNG_TP61_EService_Get_Financial 1-2,,false,1086,5,5,0
1469634620228,0,TP61_010_EService_ClaimService_Get_Financial,Non HTTP response code: java.lang.IllegalArgumentException,"Number of samples in transaction : 1, number of failing samples : 1",CNG_TP61_EService_Get_Financial 1-5,,false,1086,5,5,0
1469634620228,0,TP61_010_EService_ClaimService_Get_Financial,Non HTTP response code: java.lang.IllegalArgumentException,"Number of samples in transaction : 1, number of failing samples : 1",CNG_TP61_EService_Get_Financial 1-3,,false,1086,5,5,0
1469634620228,0,TP61_010_EService_ClaimService_Get_Financial,Non HTTP response code: java.lang.IllegalArgumentException,"Number of samples in transaction : 1, number of failing samples : 1",CNG_TP61_EService_Get_Financial 1-4,,false,1086,5,5,0
1469634620232,0,TP61_010_EService_ClaimService_Get_Financial,Non HTTP response code: java.lang.IllegalArgumentException,"Number of samples in transaction : 1, number of failing samples : 1",CNG_TP61_EService_Get_Financial 1-2,,false,1086,5,5,0
1469634620244,0,TP61_010_EService_ClaimService_Get_Financial,Non HTTP response code: java.lang.IllegalArgumentException,"Number of samples in transaction : 1, number of failing samples : 1",CNG_TP61_EService_Get_Financial 1-3,,false,1086,5,5,0
1469634620244,0,TP61_010_EService_ClaimService_Get_Financial,Non HTTP response code: java.lang.IllegalArgumentException,"Number of samples in transaction : 1, number of failing samples : 1",CNG_TP61_EService_Get_Financial 1-5,,false,1086,5,5,0
1469634620248,0,TP61_010_EService_ClaimService_Get_Financial,Non HTTP response code: java.lang.IllegalArgumentException,"Number of samples in transaction : 1, number of failing samples : 1",CNG_TP61_EService_Get_Financial 1-2,,false,1086,3,3,0
1469634620248,1,TP61_010_EService_ClaimService_Get_Financial,Non HTTP response code: java.lang.IllegalArgumentException,"Number of samples in transaction : 1, number of failing samples : 1",CNG_TP61_EService_Get_Financial 1-4,,false,1086,3,3,0
1469634620148,231,TP61_010_EService_ClaimService_Get_Financial,200,"Number of samples in transaction : 1, number of failing samples : 0",CNG_TP61_EService_Get_Financial 1-1,,true,1156,1,1,0
1469634620388,136,TP61_010_EService_ClaimService_Get_Financial,200,"Number of samples in transaction : 1, number of failing samples : 0",CNG_TP61_EService_Get_Financial 1-1,,true,1155,1,1,0
1469634620526,130,TP61_010_EService_ClaimService_Get_Financial,200,"Number of samples in transaction : 1, number of failing samples : 0",CNG_TP61_EService_Get_Financial 1-1,,true,1155,1,1,0
1469634620662,249,TP61_010_EService_ClaimService_Get_Financial,200,"Number of samples in transaction : 1, number of failing samples : 0",CNG_TP61_EService_Get_Financial 1-1,,true,1155,1,1,0
1469634620921,191,TP61_010_EService_ClaimService_Get_Financial,200,"Number of samples in transaction : 1, number of failing samples : 0",CNG_TP61_EService_Get_Financial 1-1,,true,1155,1,1,0
1469634652446,216,TP61_010_EService_ClaimService_Get_Financial,200,"Number of samples in transaction : 1, number of failing samples : 0",CNG_TP61_EService_Get_Financial 1-1,,true,1156,1,1,0
1469634652673,197,TP61_010_EService_ClaimService_Get_Financial,200,"Number of samples in transaction : 1, number of failing samples : 0",CNG_TP61_EService_Get_Financial 1-1,,true,1155,1,1,0
1469634652887,300,TP61_010_EService_ClaimService_Get_Financial,200,"Number of samples in transaction : 1, number of failing samples : 0",CNG_TP61_EService_Get_Financial 1-1,,true,1155,1,1,0
1469634653194,119,TP61_010_EService_ClaimService_Get_Financial,200,"Number of samples in transaction : 1, number of failing samples : 0",CNG_TP61_EService_Get_Financial 1-1,,true,1155,1,1,0
1469634653326,120,TP61_010_EService_ClaimService_Get_Financial,200,"Number of samples in transaction : 1, number of failing samples : 0",CNG_TP61_EService_Get_Financial 1-1,,true,1155,2,2,0
1469634653443,1,TP61_010_EService_ClaimService_Get_Financial,Non HTTP response code: java.lang.IllegalArgumentException,"Number of samples in transaction : 1, number of failing samples : 1",CNG_TP61_EService_Get_Financial 1-2,,false,1086,2,2,0
1469634653463,0,TP61_010_EService_ClaimService_Get_Financial,Non HTTP response code: java.lang.IllegalArgumentException,"Number of samples in transaction : 1, number of failing samples : 1",CNG_TP61_EService_Get_Financial 1-2,,false,1086,1,1,0
1469634653488,0,TP61_010_EService_ClaimService_Get_Financial,Non HTTP response code: java.lang.IllegalArgumentException,"Number of samples in transaction : 1, number of failing samples : 1",CNG_TP61_EService_Get_Financial 1-2,,false,1086,1,1,0
1469634653490,0,TP61_010_EService_ClaimService_Get_Financial,Non HTTP response code: java.lang.IllegalArgumentException,"Number of samples in transaction : 1, number of failing samples : 1",CNG_TP61_EService_Get_Financial 1-2,,false,1086,1,1,0
1469634653492,0,TP61_010_EService_ClaimService_Get_Financial,Non HTTP response code: java.lang.IllegalArgumentException,"Number of samples in transaction : 1, number of failing samples : 1",CNG_TP61_EService_Get_Financial 1-2,,false,1086,1,1,0
1469634654469,1,TP61_010_EService_ClaimService_Get_Financial,Non HTTP response code: java.lang.IllegalArgumentException,"Number of samples in transaction : 1, number of failing samples : 1",CNG_TP61_EService_Get_Financial 1-3,,false,1086,1,1,0
1469634654489,0,TP61_010_EService_ClaimService_Get_Financial,Non HTTP response code: java.lang.IllegalArgumentException,"Number of samples in transaction : 1, number of failing samples : 1",CNG_TP61_EService_Get_Financial 1-3,,false,1086,1,1,0
1469634654507,0,TP61_010_EService_ClaimService_Get_Financial,Non HTTP response code: java.lang.IllegalArgumentException,"Number of samples in transaction : 1, number of failing samples : 1",CNG_TP61_EService_Get_Financial 1-3,,false,1086,1,1,0
1469634654520,1,TP61_010_EService_ClaimService_Get_Financial,Non HTTP response code: java.lang.IllegalArgumentException,"Number of samples in transaction : 1, number of failing samples : 1",CNG_TP61_EService_Get_Financial 1-3,,false,1086,1,1,0
1469634654537,0,TP61_010_EService_ClaimService_Get_Financial,Non HTTP response code: java.lang.IllegalArgumentException,"Number of samples in transaction : 1, number of failing samples : 1",CNG_TP61_EService_Get_Financial 1-3,,false,1086,1,1,0
1469634655444,0,TP61_010_EService_ClaimService_Get_Financial,Non HTTP response code: java.lang.IllegalArgumentException,"Number of samples in transaction : 1, number of failing samples : 1",CNG_TP61_EService_Get_Financial 1-4,,false,1086,1,1,0
1469634655463,1,TP61_010_EService_ClaimService_Get_Financial,Non HTTP response code: java.lang.IllegalArgumentException,"Number of samples in transaction : 1, number of failing samples : 1",CNG_TP61_EService_Get_Financial 1-4,,false,1086,1,1,0
1469634655476,0,TP61_010_EService_ClaimService_Get_Financial,Non HTTP response code: java.lang.IllegalArgumentException,"Number of samples in transaction : 1, number of failing samples : 1",CNG_TP61_EService_Get_Financial 1-4,,false,1086,1,1,0
1469634655479,0,TP61_010_EService_ClaimService_Get_Financial,Non HTTP response code: java.lang.IllegalArgumentException,"Number of samples in transaction : 1, number of failing samples : 1",CNG_TP61_EService_Get_Financial 1-4,,false,1086,1,1,0
1469634655481,0,TP61_010_EService_ClaimService_Get_Financial,Non HTTP response code: java.lang.IllegalArgumentException,"Number of samples in transaction : 1, number of failing samples : 1",CNG_TP61_EService_Get_Financial 1-4,,false,1086,1,1,0
1469634656440,1,TP61_010_EService_ClaimService_Get_Financial,Non HTTP response code: java.lang.IllegalArgumentException,"Number of samples in transaction : 1, number of failing samples : 1",CNG_TP61_EService_Get_Financial 1-5,,false,1086,1,1,0
1469634656467,0,TP61_010_EService_ClaimService_Get_Financial,Non HTTP response code: java.lang.IllegalArgumentException,"Number of samples in transaction : 1, number of failing samples : 1",CNG_TP61_EService_Get_Financial 1-5,,false,1086,1,1,0
1469634656484,0,TP61_010_EService_ClaimService_Get_Financial,Non HTTP response code: java.lang.IllegalArgumentException,"Number of samples in transaction : 1, number of failing samples : 1",CNG_TP61_EService_Get_Financial 1-5,,false,1086,1,1,0
1469634656523,0,TP61_010_EService_ClaimService_Get_Financial,Non HTTP response code: java.lang.IllegalArgumentException,"Number of samples in transaction : 1, number of failing samples : 1",CNG_TP61_EService_Get_Financial 1-5,,false,1086,1,1,0
1469634656538,0,TP61_010_EService_ClaimService_Get_Financial,Non HTTP response code: java.lang.IllegalArgumentException,"Number of samples in transaction : 1, number of failing samples : 1",CNG_TP61_EService_Get_Financial 1-5,,false,1086,1,1,0
1469634837081,643,TP61_010_EService_ClaimService_Get_Financial,200,"Number of samples in transaction : 1, number of failing samples : 0",CNG_TP61_EService_Get_Financial 1-1,,true,1156,5,5,0
1469634838087,0,TP61_010_EService_ClaimService_Get_Financial,Non HTTP response code: java.lang.IllegalArgumentException,"Number of samples in transaction : 1, number of failing samples : 1",CNG_TP61_EService_Get_Financial 1-2,,false,1086,5,5,0
1469634839102,0,TP61_010_EService_ClaimService_Get_Financial,Non HTTP response code: java.lang.IllegalArgumentException,"Number of samples in transaction : 1, number of failing samples : 1",CNG_TP61_EService_Get_Financial 1-3,,false,1086,5,5,0
1469634840117,0,TP61_010_EService_ClaimService_Get_Financial,Non HTTP response code: java.lang.IllegalArgumentException,"Number of samples in transaction : 1, number of failing samples : 1",CNG_TP61_EService_Get_Financial 1-4,,false,1086,5,5,0
1469634841101,0,TP61_010_EService_ClaimService_Get_Financial,Non HTTP response code: java.lang.IllegalArgumentException,"Number of samples in transaction : 1, number of failing samples : 1",CNG_TP61_EService_Get_Financial 1-5,,false,1086,5,5,0
1469634842727,212,TP61_010_EService_ClaimService_Get_Financial,200,"Number of samples in transaction : 1, number of failing samples : 0",CNG_TP61_EService_Get_Financial 1-1,,true,1155,5,5,0
1469634843099,0,TP61_010_EService_ClaimService_Get_Financial,Non HTTP response code: java.lang.IllegalArgumentException,"Number of samples in transaction : 1, number of failing samples : 1",CNG_TP61_EService_Get_Financial 1-2,,false,1086,5,5,0
1469634844114,0,TP61_010_EService_ClaimService_Get_Financial,Non HTTP response code: java.lang.IllegalArgumentException,"Number of samples in transaction : 1, number of failing samples : 1",CNG_TP61_EService_Get_Financial 1-3,,false,1086,5,5,0
1469634845131,0,TP61_010_EService_ClaimService_Get_Financial,Non HTTP response code: java.lang.IllegalArgumentException,"Number of samples in transaction : 1, number of failing samples : 1",CNG_TP61_EService_Get_Financial 1-4,,false,1086,5,5,0
1469634846114,0,TP61_010_EService_ClaimService_Get_Financial,Non HTTP response code: java.lang.IllegalArgumentException,"Number of samples in transaction : 1, number of failing samples : 1",CNG_TP61_EService_Get_Financial 1-5,,false,1086,5,5,0
1469634848110,0,TP61_010_EService_ClaimService_Get_Financial,Non HTTP response code: java.lang.IllegalArgumentException,"Number of samples in transaction : 1, number of failing samples : 1",CNG_TP61_EService_Get_Financial 1-2,,false,1086,5,5,0
1469634847948,224,TP61_010_EService_ClaimService_Get_Financial,200,"Number of samples in transaction : 1, number of failing samples : 0",CNG_TP61_EService_Get_Financial 1-1,,true,1155,5,5,0
1469634849124,1,TP61_010_EService_ClaimService_Get_Financial,Non HTTP response code: java.lang.IllegalArgumentException,"Number of samples in transaction : 1, number of failing samples : 1",CNG_TP61_EService_Get_Financial 1-3,,false,1086,5,5,0
1469634850138,1,TP61_010_EService_ClaimService_Get_Financial,Non HTTP response code: java.lang.IllegalArgumentException,"Number of samples in transaction : 1, number of failing samples : 1",CNG_TP61_EService_Get_Financial 1-4,,false,1086,5,5,0
1469634851121,0,TP61_010_EService_ClaimService_Get_Financial,Non HTTP response code: java.lang.IllegalArgumentException,"Number of samples in transaction : 1, number of failing samples : 1",CNG_TP61_EService_Get_Financial 1-5,,false,1086,5,5,0
1469634853118,0,TP61_010_EService_ClaimService_Get_Financial,Non HTTP response code: java.lang.IllegalArgumentException,"Number of samples in transaction : 1, number of failing samples : 1",CNG_TP61_EService_Get_Financial 1-2,,false,1086,5,5,0
1469634853171,222,TP61_010_EService_ClaimService_Get_Financial,200,"Number of samples in transaction : 1, number of failing samples : 0",CNG_TP61_EService_Get_Financial 1-1,,true,1155,5,5,0
1469634854133,0,TP61_010_EService_ClaimService_Get_Financial,Non HTTP response code: java.lang.IllegalArgumentException,"Number of samples in transaction : 1, number of failing samples : 1",CNG_TP61_EService_Get_Financial 1-3,,false,1086,5,5,0
1469634855147,0,TP61_010_EService_ClaimService_Get_Financial,Non HTTP response code: java.lang.IllegalArgumentException,"Number of samples in transaction : 1, number of failing samples : 1",CNG_TP61_EService_Get_Financial 1-4,,false,1086,5,5,0
1469634856130,0,TP61_010_EService_ClaimService_Get_Financial,Non HTTP response code: java.lang.IllegalArgumentException,"Number of samples in transaction : 1, number of failing samples : 1",CNG_TP61_EService_Get_Financial 1-5,,false,1086,5,5,0
1469634858125,1,TP61_010_EService_ClaimService_Get_Financial,Non HTTP response code: java.lang.IllegalArgumentException,"Number of samples in transaction : 1, number of failing samples : 1",CNG_TP61_EService_Get_Financial 1-2,,false,1086,5,5,0
1469634858394,216,TP61_010_EService_ClaimService_Get_Financial,200,"Number of samples in transaction : 1, number of failing samples : 0",CNG_TP61_EService_Get_Financial 1-1,,true,1155,4,4,0
1469634859139,0,TP61_010_EService_ClaimService_Get_Financial,Non HTTP response code: java.lang.IllegalArgumentException,"Number of samples in transaction : 1, number of failing samples : 1",CNG_TP61_EService_Get_Financial 1-3,,false,1086,3,3,0
1469634860154,0,TP61_010_EService_ClaimService_Get_Financial,Non HTTP response code: java.lang.IllegalArgumentException,"Number of samples in transaction : 1, number of failing samples : 1",CNG_TP61_EService_Get_Financial 1-4,,false,1086,2,2,0
1469634861137,0,TP61_010_EService_ClaimService_Get_Financial,Non HTTP response code: java.lang.IllegalArgumentException,"Number of samples in transaction : 1, number of failing samples : 1",CNG_TP61_EService_Get_Financial 1-5,,false,1086,1,1,0
1469634898378,545,TP61_010_EService_ClaimService_Get_Financial,200,"Number of samples in transaction : 1, number of failing samples : 0",CNG_TP61_EService_Get_Financial 1-1,,true,1156,5,5,0
1469634899377,486,TP61_010_EService_ClaimService_Get_Financial,200,"Number of samples in transaction : 1, number of failing samples : 0",CNG_TP61_EService_Get_Financial 1-2,,true,1156,5,5,0
1469634900413,502,TP61_010_EService_ClaimService_Get_Financial,200,"Number of samples in transaction : 1, number of failing samples : 0",CNG_TP61_EService_Get_Financial 1-3,,true,1156,5,5,0
1469634901409,647,TP61_010_EService_ClaimService_Get_Financial,200,"Number of samples in transaction : 1, number of failing samples : 0",CNG_TP61_EService_Get_Financial 1-4,,true,1156,5,5,0
1469634902391,500,TP61_010_EService_ClaimService_Get_Financial,200,"Number of samples in transaction : 1, number of failing samples : 0",CNG_TP61_EService_Get_Financial 1-5,,true,1156,5,5,0
1469634903935,227,TP61_010_EService_ClaimService_Get_Financial,200,"Number of samples in transaction : 1, number of failing samples : 0",CNG_TP61_EService_Get_Financial 1-1,,true,1155,5,5,0
1469634904875,213,TP61_010_EService_ClaimService_Get_Financial,200,"Number of samples in transaction : 1, number of failing samples : 0",CNG_TP61_EService_Get_Financial 1-2,,true,1155,5,5,0
1469634905920,212,TP61_010_EService_ClaimService_Get_Financial,200,"Number of samples in transaction : 1, number of failing samples : 0",CNG_TP61_EService_Get_Financial 1-3,,true,1155,5,5,0
1469634907069,222,TP61_010_EService_ClaimService_Get_Financial,200,"Number of samples in transaction : 1, number of failing samples : 0",CNG_TP61_EService_Get_Financial 1-4,,true,1155,5,5,0
1469634907908,216,TP61_010_EService_ClaimService_Get_Financial,200,"Number of samples in transaction : 1, number of failing samples : 0",CNG_TP61_EService_Get_Financial 1-5,,true,1155,5,5,0
1469634909176,206,TP61_010_EService_ClaimService_Get_Financial,200,"Number of samples in transaction : 1, number of failing samples : 0",CNG_TP61_EService_Get_Financial 1-1,,true,1155,5,5,0
1469634910098,225,TP61_010_EService_ClaimService_Get_Financial,200,"Number of samples in transaction : 1, number of failing samples : 0",CNG_TP61_EService_Get_Financial 1-2,,true,1155,5,5,0
1469634911143,225,TP61_010_EService_ClaimService_Get_Financial,200,"Number of samples in transaction : 1, number of failing samples : 0",CNG_TP61_EService_Get_Financial 1-3,,true,1155,5,5,0
1469634912291,219,TP61_010_EService_ClaimService_Get_Financial,200,"Number of samples in transaction : 1, number of failing samples : 0",CNG_TP61_EService_Get_Financial 1-4,,true,1155,5,5,0
1469634913126,213,TP61_010_EService_ClaimService_Get_Financial,200,"Number of samples in transaction : 1, number of failing samples : 0",CNG_TP61_EService_Get_Financial 1-5,,true,1155,5,5,0
1469634914380,218,TP61_010_EService_ClaimService_Get_Financial,200,"Number of samples in transaction : 1, number of failing samples : 0",CNG_TP61_EService_Get_Financial 1-1,,true,1155,5,5,0
1469634915319,222,TP61_010_EService_ClaimService_Get_Financial,200,"Number of samples in transaction : 1, number of failing samples : 0",CNG_TP61_EService_Get_Financial 1-2,,true,1155,5,5,0
1469634916364,221,TP61_010_EService_ClaimService_Get_Financial,200,"Number of samples in transaction : 1, number of failing samples : 0",CNG_TP61_EService_Get_Financial 1-3,,true,1155,5,5,0
1469634917513,215,TP61_010_EService_ClaimService_Get_Financial,200,"Number of samples in transaction : 1, number of failing samples : 0",CNG_TP61_EService_Get_Financial 1-4,,true,1155,5,5,0
1469634918349,120,TP61_010_EService_ClaimService_Get_Financial,200,"Number of samples in transaction : 1, number of failing samples : 0",CNG_TP61_EService_Get_Financial 1-5,,true,1155,5,5,0
1469634919602,215,TP61_010_EService_ClaimService_Get_Financial,200,"Number of samples in transaction : 1, number of failing samples : 0",CNG_TP61_EService_Get_Financial 1-1,,true,1155,5,5,0
1469634920544,218,TP61_010_EService_ClaimService_Get_Financial,200,"Number of samples in transaction : 1, number of failing samples : 0",CNG_TP61_EService_Get_Financial 1-2,,true,1155,4,4,0
1469634921587,217,TP61_010_EService_ClaimService_Get_Financial,200,"Number of samples in transaction : 1, number of failing samples : 0",CNG_TP61_EService_Get_Financial 1-3,,true,1155,3,3,0
1469634922735,227,TP61_010_EService_ClaimService_Get_Financial,200,"Number of samples in transaction : 1, number of failing samples : 0",CNG_TP61_EService_Get_Financial 1-4,,true,1155,2,2,0
1469634923467,225,TP61_010_EService_ClaimService_Get_Financial,200,"Number of samples in transaction : 1, number of failing samples : 0",CNG_TP61_EService_Get_Financial 1-5,,true,1155,1,1,0
1469635375002,942,TP61_010_EService_ClaimService_Get_Financial,200,"Number of samples in transaction : 1, number of failing samples : 0",CNG_TP61_EService_Get_Financial 1-1,,true,11273,1,1,0
1469635429242,792,TP61_010_EService_ClaimService_Get_Financial,200,"Number of samples in transaction : 1, number of failing samples : 0",CNG_TP61_EService_Get_Financial 1-1,,true,11273,1,1,0
1469640606307,1015,TP61_010_EService_ClaimService_Get_Financial,200,"Number of samples in transaction : 1, number of failing samples : 0",CNG_TP61_EService_Get_Financial 1-1,,true,11273,1,1,0
1469640681812,801,TP61_010_EService_ClaimService_Get_Financial,200,"Number of samples in transaction : 1, number of failing samples : 0",CNG_TP61_EService_Get_Financial 1-1,,true,11179,5,5,0
1469640682836,1415,TP61_010_EService_ClaimService_Get_Financial,200,"Number of samples in transaction : 1, number of failing samples : 0",CNG_TP61_EService_Get_Financial 1-2,,true,52818,4,4,0
1469640683866,725,TP61_010_EService_ClaimService_Get_Financial,200,"Number of samples in transaction : 1, number of failing samples : 0",CNG_TP61_EService_Get_Financial 1-3,,true,9503,3,3,0
1469640684867,664,TP61_010_EService_ClaimService_Get_Financial,200,"Number of samples in transaction : 1, number of failing samples : 0",CNG_TP61_EService_Get_Financial 1-4,,true,4452,2,2,0
1469640685886,796,TP61_010_EService_ClaimService_Get_Financial,200,"Number of samples in transaction : 1, number of failing samples : 0",CNG_TP61_EService_Get_Financial 1-5,,true,12403,1,1,0
1469640738636,375,TP61_010_EService_ClaimService_Get_Financial,200,"Number of samples in transaction : 1, number of failing samples : 0",CNG_TP61_EService_Get_Financial 1-1,,true,11273,5,5,0
1469640739663,1093,TP61_010_EService_ClaimService_Get_Financial,200,"Number of samples in transaction : 1, number of failing samples : 0",CNG_TP61_EService_Get_Financial 1-2,,true,52818,5,5,0
1469640740695,933,TP61_010_EService_ClaimService_Get_Financial,200,"Number of samples in transaction : 1, number of failing samples : 0",CNG_TP61_EService_Get_Financial 1-3,,true,9503,5,5,0
1469640741695,463,TP61_010_EService_ClaimService_Get_Financial,200,"Number of samples in transaction : 1, number of failing samples : 0",CNG_TP61_EService_Get_Financial 1-4,,true,4452,5,5,0
1469640742682,795,TP61_010_EService_ClaimService_Get_Financial,200,"Number of samples in transaction : 1, number of failing samples : 0",CNG_TP61_EService_Get_Financial 1-5,,true,12403,5,5,0
1469640743998,315,TP61_010_EService_ClaimService_Get_Financial,200,"Number of samples in transaction : 1, number of failing samples : 0",CNG_TP61_EService_Get_Financial 1-1,,true,11272,5,5,0
1469640745756,454,TP61_010_EService_ClaimService_Get_Financial,200,"Number of samples in transaction : 1, number of failing samples : 0",CNG_TP61_EService_Get_Financial 1-2,,true,52821,5,5,0
1469640746616,526,TP61_010_EService_ClaimService_Get_Financial,200,"Number of samples in transaction : 1, number of failing samples : 0",CNG_TP61_EService_Get_Financial 1-3,,true,9502,5,5,0
1469640747160,215,TP61_010_EService_ClaimService_Get_Financial,200,"Number of samples in transaction : 1, number of failing samples : 0",CNG_TP61_EService_Get_Financial 1-4,,true,4357,5,5,0
1469640748523,517,TP61_010_EService_ClaimService_Get_Financial,200,"Number of samples in transaction : 1, number of failing samples : 0",CNG_TP61_EService_Get_Financial 1-5,,true,12402,5,5,0
1469640749357,315,TP61_010_EService_ClaimService_Get_Financial,200,"Number of samples in transaction : 1, number of failing samples : 0",CNG_TP61_EService_Get_Financial 1-1,,true,11084,5,5,0
1469640751249,418,TP61_010_EService_ClaimService_Get_Financial,200,"Number of samples in transaction : 1, number of failing samples : 0",CNG_TP61_EService_Get_Financial 1-2,,true,52821,5,5,0
1469640752181,620,TP61_010_EService_ClaimService_Get_Financial,200,"Number of samples in transaction : 1, number of failing samples : 0",CNG_TP61_EService_Get_Financial 1-3,,true,9502,5,5,0
1469640752381,420,TP61_010_EService_ClaimService_Get_Financial,200,"Number of samples in transaction : 1, number of failing samples : 0",CNG_TP61_EService_Get_Financial 1-4,,true,4451,5,5,0
1469640754057,539,TP61_010_EService_ClaimService_Get_Financial,200,"Number of samples in transaction : 1, number of failing samples : 0",CNG_TP61_EService_Get_Financial 1-5,,true,12402,5,5,0
1469640754682,212,TP61_010_EService_ClaimService_Get_Financial,200,"Number of samples in transaction : 1, number of failing samples : 0",CNG_TP61_EService_Get_Financial 1-1,,true,11272,5,5,0
1469640756683,421,TP61_010_EService_ClaimService_Get_Financial,200,"Number of samples in transaction : 1, number of failing samples : 0",CNG_TP61_EService_Get_Financial 1-2,,true,52821,5,5,0
1469640757825,203,TP61_010_EService_ClaimService_Get_Financial,200,"Number of samples in transaction : 1, number of failing samples : 0",CNG_TP61_EService_Get_Financial 1-4,,true,4451,5,5,0
1469640757818,622,TP61_010_EService_ClaimService_Get_Financial,200,"Number of samples in transaction : 1, number of failing samples : 0",CNG_TP61_EService_Get_Financial 1-3,,true,9502,5,5,0
1469640759608,291,TP61_010_EService_ClaimService_Get_Financial,200,"Number of samples in transaction : 1, number of failing samples : 0",CNG_TP61_EService_Get_Financial 1-5,,true,12402,5,5,0
1469640759906,232,TP61_010_EService_ClaimService_Get_Financial,200,"Number of samples in transaction : 1, number of failing samples : 0",CNG_TP61_EService_Get_Financial 1-1,,true,11272,5,5,0
1469640762119,842,TP61_010_EService_ClaimService_Get_Financial,200,"Number of samples in transaction : 1, number of failing samples : 0",CNG_TP61_EService_Get_Financial 1-2,,true,52797,4,4,0
1469640763039,214,TP61_010_EService_ClaimService_Get_Financial,200,"Number of samples in transaction : 1, number of failing samples : 0",CNG_TP61_EService_Get_Financial 1-4,,true,4357,3,3,0
1469640763454,213,TP61_010_EService_ClaimService_Get_Financial,200,"Number of samples in transaction : 1, number of failing samples : 0",CNG_TP61_EService_Get_Financial 1-3,,true,9436,2,2,0
1469640764918,628,TP61_010_EService_ClaimService_Get_Financial,200,"Number of samples in transaction : 1, number of failing samples : 0",CNG_TP61_EService_Get_Financial 1-5,,true,12402,1,1,0
1469640900233,5330,TP61_010_EService_ClaimService_Get_Financial,200,"Number of samples in transaction : 1, number of failing samples : 0",CNG_TP61_EService_Get_Financial 1-1,,true,11085,3,3,0
1469640902234,5580,TP61_010_EService_ClaimService_Get_Financial,200,"Number of samples in transaction : 1, number of failing samples : 0",CNG_TP61_EService_Get_Financial 1-2,,true,52822,4,4,0
1469640904249,5399,TP61_010_EService_ClaimService_Get_Financial,200,"Number of samples in transaction : 1, number of failing samples : 0",CNG_TP61_EService_Get_Financial 1-3,,true,9412,5,5,0
1469640905542,5360,TP61_010_EService_ClaimService_Get_Financial,200,"Number of samples in transaction : 1, number of failing samples : 0",CNG_TP61_EService_Get_Financial 1-1,,true,11084,5,5,0
1469640906265,5365,TP61_010_EService_ClaimService_Get_Financial,200,"Number of samples in transaction : 1, number of failing samples : 0",CNG_TP61_EService_Get_Financial 1-4,,true,4358,5,5,0
1469640908293,5353,TP61_010_EService_ClaimService_Get_Financial,200,"Number of samples in transaction : 1, number of failing samples : 0",CNG_TP61_EService_Get_Financial 1-5,,true,12403,5,5,0
1469640907851,6121,TP61_010_EService_ClaimService_Get_Financial,200,"Number of samples in transaction : 1, number of failing samples : 0",CNG_TP61_EService_Get_Financial 1-2,,true,52817,5,5,0
1469640909682,5220,TP61_010_EService_ClaimService_Get_Financial,200,"Number of samples in transaction : 1, number of failing samples : 0",CNG_TP61_EService_Get_Financial 1-3,,true,9411,5,5,0
1469640910935,5322,TP61_010_EService_ClaimService_Get_Financial,200,"Number of samples in transaction : 1, number of failing samples : 0",CNG_TP61_EService_Get_Financial 1-1,,true,11272,5,5,0
1469640911664,5528,TP61_010_EService_ClaimService_Get_Financial,200,"Number of samples in transaction : 1, number of failing samples : 0",CNG_TP61_EService_Get_Financial 1-4,,true,4451,5,5,0
1469640913652,5214,TP61_010_EService_ClaimService_Get_Financial,200,"Number of samples in transaction : 1, number of failing samples : 0",CNG_TP61_EService_Get_Financial 1-5,,true,12402,5,5,0
1469640913979,5429,TP61_010_EService_ClaimService_Get_Financial,200,"Number of samples in transaction : 1, number of failing samples : 0",CNG_TP61_EService_Get_Financial 1-2,,true,52797,5,5,0
1469640914906,5423,TP61_010_EService_ClaimService_Get_Financial,200,"Number of samples in transaction : 1, number of failing samples : 0",CNG_TP61_EService_Get_Financial 1-3,,true,9436,5,5,0
1469640916262,5216,TP61_010_EService_ClaimService_Get_Financial,200,"Number of samples in transaction : 1, number of failing samples : 0",CNG_TP61_EService_Get_Financial 1-1,,true,11272,5,5,0
1469640917197,5222,TP61_010_EService_ClaimService_Get_Financial,200,"Number of samples in transaction : 1, number of failing samples : 0",CNG_TP61_EService_Get_Financial 1-4,,true,4357,5,5,0
1469640918874,5577,TP61_010_EService_ClaimService_Get_Financial,200,"Number of samples in transaction : 1, number of failing samples : 0",CNG_TP61_EService_Get_Financial 1-5,,true,12402,5,5,0
1469640919417,5939,TP61_010_EService_ClaimService_Get_Financial,200,"Number of samples in transaction : 1, number of failing samples : 0",CNG_TP61_EService_Get_Financial 1-2,,true,52797,5,5,0
1469640920333,5531,TP61_010_EService_ClaimService_Get_Financial,200,"Number of samples in transaction : 1, number of failing samples : 0",CNG_TP61_EService_Get_Financial 1-3,,true,9502,5,5,0
1469640921482,5218,TP61_010_EService_ClaimService_Get_Financial,200,"Number of samples in transaction : 1, number of failing samples : 0",CNG_TP61_EService_Get_Financial 1-1,,true,11084,5,5,0
1469640922423,5215,TP61_010_EService_ClaimService_Get_Financial,200,"Number of samples in transaction : 1, number of failing samples : 0",CNG_TP61_EService_Get_Financial 1-4,,true,4451,4,4,0
1469640924456,5274,TP61_010_EService_ClaimService_Get_Financial,200,"Number of samples in transaction : 1, number of failing samples : 0",CNG_TP61_EService_Get_Financial 1-5,,true,12402,4,4,0
1469640925869,5217,TP61_010_EService_ClaimService_Get_Financial,200,"Number of samples in transaction : 1, number of failing samples : 0",CNG_TP61_EService_Get_Financial 1-3,,true,9436,4,4,0
1469640925363,5944,TP61_010_EService_ClaimService_Get_Financial,200,"Number of samples in transaction : 1, number of failing samples : 0",CNG_TP61_EService_Get_Financial 1-2,,true,52797,3,3,0
1469640927643,5532,TP61_010_EService_ClaimService_Get_Financial,200,"Number of samples in transaction : 1, number of failing samples : 0",CNG_TP61_EService_Get_Financial 1-4,,true,4451,2,2,0
1469640929736,5321,TP61_010_EService_ClaimService_Get_Financial,200,"Number of samples in transaction : 1, number of failing samples : 0",CNG_TP61_EService_Get_Financial 1-5,,true,12402,1,1,0
1469640984248,668,TP61_010_EService_ClaimService_Get_Financial,200,"Number of samples in transaction : 1, number of failing samples : 0",CNG_TP61_EService_Get_Financial 1-1,,true,11273,5,5,0
1469640986281,777,TP61_010_EService_ClaimService_Get_Financial,200,"Number of samples in transaction : 1, number of failing samples : 0",CNG_TP61_EService_Get_Financial 1-2,,true,52822,5,5,0
1469640988266,362,TP61_010_EService_ClaimService_Get_Financial,200,"Number of samples in transaction : 1, number of failing samples : 0",CNG_TP61_EService_Get_Financial 1-3,,true,9503,5,5,0
1469640990266,452,TP61_010_EService_ClaimService_Get_Financial,200,"Number of samples in transaction : 1, number of failing samples : 0",CNG_TP61_EService_Get_Financial 1-4,,true,4358,5,5,0
1469640992281,324,TP61_010_EService_ClaimService_Get_Financial,200,"Number of samples in transaction : 1, number of failing samples : 0",CNG_TP61_EService_Get_Financial 1-5,,true,12403,5,5,0
1469640994929,329,TP61_010_EService_ClaimService_Get_Financial,200,"Number of samples in transaction : 1, number of failing samples : 0",CNG_TP61_EService_Get_Financial 1-1,,true,11084,5,5,0
1469640997089,464,TP61_010_EService_ClaimService_Get_Financial,200,"Number of samples in transaction : 1, number of failing samples : 0",CNG_TP61_EService_Get_Financial 1-2,,true,52821,5,5,0
1469640998675,237,TP61_010_EService_ClaimService_Get_Financial,200,"Number of samples in transaction : 1, number of failing samples : 0",CNG_TP61_EService_Get_Financial 1-3,,true,9436,5,5,0
1469641000762,232,TP61_010_EService_ClaimService_Get_Financial,200,"Number of samples in transaction : 1, number of failing samples : 0",CNG_TP61_EService_Get_Financial 1-4,,true,4451,5,5,0
1469641002644,229,TP61_010_EService_ClaimService_Get_Financial,200,"Number of samples in transaction : 1, number of failing samples : 0",CNG_TP61_EService_Get_Financial 1-5,,true,12402,5,5,0
1469641005252,548,TP61_010_EService_ClaimService_Get_Financial,200,"Number of samples in transaction : 1, number of failing samples : 0",CNG_TP61_EService_Get_Financial 1-1,,true,11272,5,5,0
1469641007563,434,TP61_010_EService_ClaimService_Get_Financial,200,"Number of samples in transaction : 1, number of failing samples : 0",CNG_TP61_EService_Get_Financial 1-2,,true,52821,5,5,0
1469641008909,223,TP61_010_EService_ClaimService_Get_Financial,200,"Number of samples in transaction : 1, number of failing samples : 0",CNG_TP61_EService_Get_Financial 1-3,,true,9502,5,5,0
1469641010994,428,TP61_010_EService_ClaimService_Get_Financial,200,"Number of samples in transaction : 1, number of failing samples : 0",CNG_TP61_EService_Get_Financial 1-4,,true,4451,5,5,0
1469641012876,334,TP61_010_EService_ClaimService_Get_Financial,200,"Number of samples in transaction : 1, number of failing samples : 0",CNG_TP61_EService_Get_Financial 1-5,,true,12402,5,5,0
1469641015800,237,TP61_010_EService_ClaimService_Get_Financial,200,"Number of samples in transaction : 1, number of failing samples : 0",CNG_TP61_EService_Get_Financial 1-1,,true,11272,5,5,0
1469641018010,447,TP61_010_EService_ClaimService_Get_Financial,200,"Number of samples in transaction : 1, number of failing samples : 0",CNG_TP61_EService_Get_Financial 1-2,,true,52797,5,5,0
1469641019142,239,TP61_010_EService_ClaimService_Get_Financial,200,"Number of samples in transaction : 1, number of failing samples : 0",CNG_TP61_EService_Get_Financial 1-3,,true,9436,5,5,0
1469641021437,348,TP61_010_EService_ClaimService_Get_Financial,200,"Number of samples in transaction : 1, number of failing samples : 0",CNG_TP61_EService_Get_Financial 1-4,,true,4357,5,5,0
1469641023215,239,TP61_010_EService_ClaimService_Get_Financial,200,"Number of samples in transaction : 1, number of failing samples : 0",CNG_TP61_EService_Get_Financial 1-5,,true,12402,5,5,0
1469641026038,247,TP61_010_EService_ClaimService_Get_Financial,200,"Number of samples in transaction : 1, number of failing samples : 0",CNG_TP61_EService_Get_Financial 1-1,,true,11272,5,5,0
1469641028466,423,TP61_010_EService_ClaimService_Get_Financial,200,"Number of samples in transaction : 1, number of failing samples : 0",CNG_TP61_EService_Get_Financial 1-2,,true,52797,4,4,0
1469641029379,237,TP61_010_EService_ClaimService_Get_Financial,200,"Number of samples in transaction : 1, number of failing samples : 0",CNG_TP61_EService_Get_Financial 1-3,,true,9436,3,3,0
1469641031778,235,TP61_010_EService_ClaimService_Get_Financial,200,"Number of samples in transaction : 1, number of failing samples : 0",CNG_TP61_EService_Get_Financial 1-4,,true,4357,2,2,0
1469641033451,243,TP61_010_EService_ClaimService_Get_Financial,200,"Number of samples in transaction : 1, number of failing samples : 0",CNG_TP61_EService_Get_Financial 1-5,,true,12402,1,1,0
1469641053351,620,TP61_010_EService_ClaimService_Get_Financial,200,"Number of samples in transaction : 1, number of failing samples : 0",CNG_TP61_EService_Get_Financial 1-1,,true,11273,5,5,0
1469641055392,564,TP61_010_EService_ClaimService_Get_Financial,200,"Number of samples in transaction : 1, number of failing samples : 0",CNG_TP61_EService_Get_Financial 1-2,,true,52822,5,5,0
1469641057407,300,TP61_010_EService_ClaimService_Get_Financial,200,"Number of samples in transaction : 1, number of failing samples : 0",CNG_TP61_EService_Get_Financial 1-3,,true,9503,5,5,0
1469641059422,490,TP61_010_EService_ClaimService_Get_Financial,200,"Number of samples in transaction : 1, number of failing samples : 0",CNG_TP61_EService_Get_Financial 1-4,,true,4452,5,5,0
1469641061433,366,TP61_010_EService_ClaimService_Get_Financial,200,"Number of samples in transaction : 1, number of failing samples : 0",CNG_TP61_EService_Get_Financial 1-5,,true,12403,5,5,0
1469641108981,247,TP61_010_EService_ClaimService_Get_Financial,200,"Number of samples in transaction : 1, number of failing samples : 0",CNG_TP61_EService_Get_Financial 1-1,,true,11273,5,5,0
1469641110980,551,TP61_010_EService_ClaimService_Get_Financial,200,"Number of samples in transaction : 1, number of failing samples : 0",CNG_TP61_EService_Get_Financial 1-2,,true,52798,4,4,0
1469641112732,240,TP61_010_EService_ClaimService_Get_Financial,200,"Number of samples in transaction : 1, number of failing samples : 0",CNG_TP61_EService_Get_Financial 1-3,,true,9437,3,3,0
1469641114924,339,TP61_010_EService_ClaimService_Get_Financial,200,"Number of samples in transaction : 1, number of failing samples : 0",CNG_TP61_EService_Get_Financial 1-4,,true,4452,2,2,0
1469641116808,247,TP61_010_EService_ClaimService_Get_Financial,200,"Number of samples in transaction : 1, number of failing samples : 0",CNG_TP61_EService_Get_Financial 1-5,,true,12403,1,1,0
1469641561470,432,TP61_010_EService_ClaimService_Get_Financial,200,"Number of samples in transaction : 1, number of failing samples : 0",CNG_TP61_EService_Get_Financial 1-1,,true,11273,1,1,0
1469641562924,339,TP61_010_EService_ClaimService_Get_Financial,200,"Number of samples in transaction : 1, number of failing samples : 0",CNG_TP61_EService_Get_Financial 1-1,,true,11084,2,2,0
1469641563479,594,TP61_010_EService_ClaimService_Get_Financial,200,"Number of samples in transaction : 1, number of failing samples : 0",CNG_TP61_EService_Get_Financial 1-2,,true,52798,1,1,0
1469641565106,440,TP61_010_EService_ClaimService_Get_Financial,200,"Number of samples in transaction : 1, number of failing samples : 0",CNG_TP61_EService_Get_Financial 1-2,,true,52821,2,2,0
1469641565479,346,TP61_010_EService_ClaimService_Get_Financial,200,"Number of samples in transaction : 1, number of failing samples : 0",CNG_TP61_EService_Get_Financial 1-3,,true,9503,1,1,0
1469641566849,243,TP61_010_EService_ClaimService_Get_Financial,200,"Number of samples in transaction : 1, number of failing samples : 0",CNG_TP61_EService_Get_Financial 1-3,,true,9436,2,2,0
1469641567496,312,TP61_010_EService_ClaimService_Get_Financial,200,"Number of samples in transaction : 1, number of failing samples : 0",CNG_TP61_EService_Get_Financial 1-4,,true,4452,1,1,0
1469641568858,236,TP61_010_EService_ClaimService_Get_Financial,200,"Number of samples in transaction : 1, number of failing samples : 0",CNG_TP61_EService_Get_Financial 1-4,,true,4357,2,2,0
1469641569538,294,TP61_010_EService_ClaimService_Get_Financial,200,"Number of samples in transaction : 1, number of failing samples : 0",CNG_TP61_EService_Get_Financial 1-5,,true,12403,1,1,0
1469641570845,242,TP61_010_EService_ClaimService_Get_Financial,200,"Number of samples in transaction : 1, number of failing samples : 0",CNG_TP61_EService_Get_Financial 1-5,,true,12402,1,1,0
1469641605677,398,TP61_010_EService_ClaimService_Get_Financial,200,"Number of samples in transaction : 1, number of failing samples : 0",CNG_TP61_EService_Get_Financial 1-1,,true,11085,1,1,0
1469641607091,232,TP61_010_EService_ClaimService_Get_Financial,200,"Number of samples in transaction : 1, number of failing samples : 0",CNG_TP61_EService_Get_Financial 1-1,,true,11084,1,1,0
1469641617723,1092,TP61_010_EService_ClaimService_Get_Financial,200,"Number of samples in transaction : 1, number of failing samples : 0",CNG_TP61_EService_Get_Financial 1-2,,true,52822,1,1,0
1469641619829,378,TP61_010_EService_ClaimService_Get_Financial,200,"Number of samples in transaction : 1, number of failing samples : 0",CNG_TP61_EService_Get_Financial 1-2,,true,52797,1,1,0
1469641629729,355,TP61_010_EService_ClaimService_Get_Financial,200,"Number of samples in transaction : 1, number of failing samples : 0",CNG_TP61_EService_Get_Financial 1-3,,true,9412,1,1,0
1469641631108,236,TP61_010_EService_ClaimService_Get_Financial,200,"Number of samples in transaction : 1, number of failing samples : 0",CNG_TP61_EService_Get_Financial 1-3,,true,9436,1,1,0
1469641641736,367,TP61_010_EService_ClaimService_Get_Financial,200,"Number of samples in transaction : 1, number of failing samples : 0",CNG_TP61_EService_Get_Financial 1-4,,true,4452,1,1,0
1469641643118,232,TP61_010_EService_ClaimService_Get_Financial,200,"Number of samples in transaction : 1, number of failing samples : 0",CNG_TP61_EService_Get_Financial 1-4,,true,4357,1,1,0
1469641653723,378,TP61_010_EService_ClaimService_Get_Financial,200,"Number of samples in transaction : 1, number of failing samples : 0",CNG_TP61_EService_Get_Financial 1-5,,true,12403,1,1,0
1469641655105,244,TP61_010_EService_ClaimService_Get_Financial,200,"Number of samples in transaction : 1, number of failing samples : 0",CNG_TP61_EService_Get_Financial 1-5,,true,12402,1,1,0
1469641669915,295,TP61_010_EService_ClaimService_Get_Financial,200,"Number of samples in transaction : 1, number of failing samples : 0",CNG_TP61_EService_Get_Financial 1-1,,true,11273,1,1,0
1469641671219,244,TP61_010_EService_ClaimService_Get_Financial,200,"Number of samples in transaction : 1, number of failing samples : 0",CNG_TP61_EService_Get_Financial 1-1,,true,11084,1,1,0
1469641676372,313,TP61_010_EService_ClaimService_Get_Financial,200,"Number of samples in transaction : 1, number of failing samples : 0",CNG_TP61_EService_Get_Financial 1-1,,true,11273,1,1,0
1469641677692,242,TP61_010_EService_ClaimService_Get_Financial,200,"Number of samples in transaction : 1, number of failing samples : 0",CNG_TP61_EService_Get_Financial 1-1,,true,11272,1,1,0
1469641680915,354,TP61_010_EService_ClaimService_Get_Financial,200,"Number of samples in transaction : 1, number of failing samples : 0",CNG_TP61_EService_Get_Financial 1-1,,true,11273,1,1,0
1469641682290,235,TP61_010_EService_ClaimService_Get_Financial,200,"Number of samples in transaction : 1, number of failing samples : 0",CNG_TP61_EService_Get_Financial 1-1,,true,11084,1,1,0
1469641722598,449,TP61_010_EService_ClaimService_Get_Financial,200,"Number of samples in transaction : 1, number of failing samples : 0",CNG_TP61_EService_Get_Financial 1-1,,true,11273,1,1,0
1469641724077,340,TP61_010_EService_ClaimService_Get_Financial,200,"Number of samples in transaction : 1, number of failing samples : 0",CNG_TP61_EService_Get_Financial 1-1,,true,11272,1,1,0
1469641734628,591,TP61_010_EService_ClaimService_Get_Financial,200,"Number of samples in transaction : 1, number of failing samples : 0",CNG_TP61_EService_Get_Financial 1-2,,true,52822,1,1,0
1469641736249,402,TP61_010_EService_ClaimService_Get_Financial,200,"Number of samples in transaction : 1, number of failing samples : 0",CNG_TP61_EService_Get_Financial 1-2,,true,52797,1,1,0
1469641746616,358,TP61_010_EService_ClaimService_Get_Financial,200,"Number of samples in transaction : 1, number of failing samples : 0",CNG_TP61_EService_Get_Financial 1-3,,true,9437,1,1,0
1469641747998,204,TP61_010_EService_ClaimService_Get_Financial,200,"Number of samples in transaction : 1, number of failing samples : 0",CNG_TP61_EService_Get_Financial 1-3,,true,9436,1,1,0
1469641758630,317,TP61_010_EService_ClaimService_Get_Financial,200,"Number of samples in transaction : 1, number of failing samples : 0",CNG_TP61_EService_Get_Financial 1-4,,true,4358,1,1,0
1469641759974,346,TP61_010_EService_ClaimService_Get_Financial,200,"Number of samples in transaction : 1, number of failing samples : 0",CNG_TP61_EService_Get_Financial 1-4,,true,4357,1,1,0
1469641770660,334,TP61_010_EService_ClaimService_Get_Financial,200,"Number of samples in transaction : 1, number of failing samples : 0",CNG_TP61_EService_Get_Financial 1-5,,true,12403,1,1,0
1469641772021,233,TP61_010_EService_ClaimService_Get_Financial,200,"Number of samples in transaction : 1, number of failing samples : 0",CNG_TP61_EService_Get_Financial 1-5,,true,12402,1,1,0
1469642200177,542,TP61_010_EService_ClaimService_Get_Financial,200,"Number of samples in transaction : 1, number of failing samples : 0",CNG_TP61_EService_Get_Financial 1-1,,true,52822,1,1,0
1469642201741,533,TP61_010_EService_ClaimService_Get_Financial,200,"Number of samples in transaction : 1, number of failing samples : 0",CNG_TP61_EService_Get_Financial 1-1,,true,52797,1,1,0
1469642212211,600,TP61_010_EService_ClaimService_Get_Financial,200,"Number of samples in transaction : 1, number of failing samples : 0",CNG_TP61_EService_Get_Financial 1-2,,true,4452,1,1,0
1469642213831,349,TP61_010_EService_ClaimService_Get_Financial,200,"Number of samples in transaction : 1, number of failing samples : 0",CNG_TP61_EService_Get_Financial 1-2,,true,4451,1,1,0
1469642224214,4204,TP61_010_EService_ClaimService_Get_Financial,200,"Number of samples in transaction : 1, number of failing samples : 0",CNG_TP61_EService_Get_Financial 1-3,,true,283372,1,1,0
1469642229455,3555,TP61_010_EService_ClaimService_Get_Financial,200,"Number of samples in transaction : 1, number of failing samples : 0",CNG_TP61_EService_Get_Financial 1-3,,true,283247,1,1,0
1469642236224,714,TP61_010_EService_ClaimService_Get_Financial,200,"Number of samples in transaction : 1, number of failing samples : 0",CNG_TP61_EService_Get_Financial 1-4,,true,6317,1,1,0
1469642237961,441,TP61_010_EService_ClaimService_Get_Financial,200,"Number of samples in transaction : 1, number of failing samples : 0",CNG_TP61_EService_Get_Financial 1-4,,true,6316,1,1,0
1469642248225,722,TP61_010_EService_ClaimService_Get_Financial,200,"Number of samples in transaction : 1, number of failing samples : 0",CNG_TP61_EService_Get_Financial 1-5,,true,14414,1,1,0
1469642249966,629,TP61_010_EService_ClaimService_Get_Financial,200,"Number of samples in transaction : 1, number of failing samples : 0",CNG_TP61_EService_Get_Financial 1-5,,true,14413,1,1,0
1469645394533,401,TP61_010_EService_ClaimService_Get_Financial,500,"Number of samples in transaction : 1, number of failing samples : 1",CNG_TP61_EService_Get_Financial 1-1,,false,330,1,1,0
1469729937392,529,TP61_010_EService_ClaimService_Get_Financial,500,"Number of samples in transaction : 1, number of failing samples : 1",CNG_TP61_EService_Get_Financial 1-1,,false,330,1,1,0
